:020000022000DC
:1070000000000420C90B0300090C03000B0C030053
:107010000D0C03000F0C0300110C03000000000016
:10702000000000000000000000000000450B03000D
:10703000150C030000000000650B0300190C030091
:10704000890D03001B0C03001B0C030049C3020045
:10705000F9C302001B0C03001B0C03001B0C0300F4
:107060001B0C03001B0C03001B0C03001B0C030078
:107070001B0C03001B0C03001B0C03001B0C030068
:107080001B0C0300C90803001B0C03001B0C0300AE
:107090001B0C03001B0C03001B0C03001B0C030048
:1070A0001B0C03001B0C03001B0C03001B0C030038
:1070B0001B0C03001B0C030000000000000000007C
:1070C0001B0C03001B0C03001B0C03001D2F0300F3
:1070D0001B0C03001B0C03001B0C0300C97B0200EC
:1070E0001B0C0300B91203001B0C0300000000007E
:1070F000000000001B0C030000000000952F03009F
:10710000000000000000000000000000000000007F
:10711000000000000000000000000000000000006F
:10712000000000000000000000000000000000005F
:10713000000000000000000000000000000000004F
:10714000000000000000000000000000000000003F
:10715000000000000000000000000000000000002F
:10716000000000000000000000000000000000001F
:10717000000000000000000000000000000000000F
:1071800000000000000000000000000000000000FF
:1071900000000000000000000000000000000000EF
:1071A00000000000000000000000000000000000DF
:1071B00000000000000000000000000000000000CF
:1071C00000000000000000000000000000000000BF
:1071D00000000000000000000000000000000000AF
:1071E000000000000000000000000000000000009F
:1071F000000000000000000000000000000000008F
:10720000F1EE103A43F08073E1EE103A704700BFA0
:1072100010B5054C237833B9044B13B10448AFF3D0
:1072200000800123237010BD0C63002000000000CB
:107230004870030008B5034B1BB103490348AFF383
:10724000008008BD000000001063002048700300AB
:10725000154B002B08BF134B9D46A3F5803A002128
:107260008B460F461348144A121A0CF02FFD0F4B91
:10727000002B00D098470E4B002B00D098470020E1
:10728000002104000D000D48002802D00C48AFF387
:1072900000800CF0C3FC2000290009F0E7FC0CF092
:1072A000A9FC00BF0000080000000420000000004E
:1072B000000000000C630020907E00200000000011
:1072C000000000000146014800F0DAB948630020E0
:1072D00038B500F02FF940B10024054620460134AE
:1072E00000F0A0FDE0B28542F9D838BD70B592B08B
:1072F0001D460C46164601A8422200210CF0E6FC71
:10730000412D02D8002012B070BD621CD2B20223FF
:107310008DF806408DF80E408DF826408DF81E2021
:107320008DF827208DF8312040F20945052240F2E2
:1073300001248DF807308DF808308DF809308DF86C
:1073400012308DF821308DF822308DF833308DF8E1
:107350003B30ADF80C502423ADF810408DF81520CB
:107360008DF823201B4D8DF81630042201248DF852
:1073700020308DF8243006958DF81C408DF81F20A4
:107380008DF830203046144D0A9540F60836082313
:107390004FF411640A22ADF804608DF82C30ADF87A
:1073A0002E4040238DF8342001A9062640F20755CF
:1073B0000A4C8DF825604222ADF838508DF83C30EB
:1073C0008DF84330CDF83F400CF05CFC422012B009
:1073D00070BD00BF2001052407058003070580025A
:1073E000A0F11000FFF782BF007EFF2806D010B585
:1073F00000F07AFC044618B1204610BD002070470A
:107400000AF048F8204610BD007EFF280ED000B5D7
:1074100083B00DF1070100F0ABFC20B19DF807002F
:1074200003B05DF804FB4FF0FF30F9E74FF0FF3099
:10743000704700BF007EFF2811D000B583B0012245
:107440000DF1070100F05CFC20B94FF0FF3003B0F4
:107450005DF804FB9DF8070003B05DF804FB4FF0F6
:10746000FF307047007EFF2801D000F0DBBC704782
:10747000007EFF2801D000F01BBD0020704700BF38
:10748000F8B50646007EFF281CD017465AB10D46B7
:10749000144600F003FC2946224680B1307E00F0FD
:1074A00071FC241A01D13846F8BD054409F0F2FFF9
:1074B000307E00F0F3FB294622460028EED13F1B28
:1074C0003846F1E70020F8BD70B50368184A5B68DC
:1074D00082B093428DF8071024D10546007EFF2824
:1074E0001DD000F0DBFB0DF10706012431462246DA
:1074F00088B1287E00F046FC241A02D1012002B097
:1075000070BD064409F0C6FF287E00F0C7FB314677
:1075100022460028EDD1C4F1010002B070BD002068
:1075200002B070BD01220DF10701984702B070BD95
:1075300081740200014B1878704700BF446300203B
:10754000037EFF2B00D07047064B1A78002AFAD131
:10755000054902764161012200F1100103481A70C9
:1075600000F02EB844630020805E030048630020D2
:1075700001B900B1704700B583B0694600F0A4FBC3
:10758000009BB3F5966F02D003B05DF804FB00F0EA
:1075900031FBF9E730B4084B084AFF2002F1080537
:1075A0004FF47A740021303218761D609C601A61A5
:1075B0005960596130BC704728630020905E030019
:1075C000F8B5B0F818214469B0F81A3105460868D2
:1075D0000E469B1A1444076895F81C119BB222466C
:1075E0003046B84750B32218944229D2766806E054
:1075F000052B32D023780BB31C44A24220D96378E8
:10760000042BF5D1E378002BF4D195F81C1101314E
:1076100085F81C11002EEDD095F840110729E9D806
:1076200001F1480745F82760217295F840110131B2
:1076300085F840111E462378002BDDD10020F8BDCF
:10764000B5F818216B69104480B2A5F8180158806C
:1076500095F81C211A710120F8BD94F90230002B15
:1076600008DB95F81E31591C85F81E11A1780B43D3
:10767000A370BFE795F81D31591C85F81D11F5E77A
:107680002DE9F0472A4DDFF8B490DFF8B4A0AC46FE
:1076900004468846BCE80F0088B003AF0FC703AEAE
:1076A0000FCE05F1140E25460FC59EE80700DCF845
:1076B00000303B806B4636682E8003C36B4603CB9D
:1076C00004F1180700234FF4807E012640F2094C94
:1076D000A06184F82020676140F2EF22154FE1613C
:1076E0000420C4F818914FF4E131A4F81CE1C4F867
:1076F0002C31C4F83031C4F83431C4F83831C4F80E
:107700003C31C4F820C184F84001A28084F81E6195
:10771000A671C4F824A1C4F828710748FFF710FF28
:10772000404600F055FA304608B0BDE8F08700BF8B
:10773000C45E0300045F0300286300200900000109
:10774000F45E03002DE9F04F05468BB0002900F0F0
:10775000E480032930D090F840318B4240F2EE8033
:1077600001F14803774F50F823400021084605F502
:10777000A276235C04EB000CB3B103F14002D2B259
:10778000012A0BD9F42B09D81A064CD44FF0010862
:10779000A3F55842B2F5006F80F09A80013004EBF7
:1077A000000C235C002BE8D1CBB201335B0043F427
:1077B000407305F5A17C30E002A800F01DFA05F544
:1077C000A17C019010B3431EDBB205F5A37B5E4F95
:1077D0000DF1080A0BEB830BE64606AE97E80F00A7
:1077E0001AF8018B86E80F0008F00F090AACA144D3
:1077F00004EB181819F8109C18F8103CAEF8049017
:10780000AEF802300EF1040EDE45E7D1019B5B00BD
:10781000DBB201335B0043F44073A5F842316046AC
:107820000BB0BDE8F08F03F0E002C02A5ED003F099
:10783000F002E02A7AD003F0F802F02AAED103F089
:1078400007024FF004089CF8013003F0C00EBEF1AF
:10785000800FA3D19CF802E00EF0C00903F03F03B3
:10786000B9F1800F43EA821398D10EF03F0EB8F1C0
:10787000030F4EEA831332D09CF8032002F0C00CB1
:10788000BCF1800F8AD102F03F0242EA8313A3F5D4
:107890008032BA4282D8A3F5584CBCF5006FFFF491
:1078A0007DAFB3F5803F00F1040012D31E293FF7EE
:1078B0007BAF4B004FEA922C3344C2F30902ACF584
:1078C000205CA2F5105226F811C05A80023150E710
:1078D000404420292FD026F81130013149E7A3F583
:1078E0000062B2F5784FFFF453AF57E79CF80120E0
:1078F00002F0C00CBCF1800F03F01F037FF44EAF09
:1079000002F03F0242EA8313A3F18002B2F5F06F66
:10791000BFF444AF4FF002083AE7D0F82031A0F8A6
:10792000443100F5A17C4FF4417376E703F00F0278
:107930004FF0030887E740F242333AE74FF0000C7C
:107940006DE700BFFFFF0F00E45E030000487047D3
:1079500048630020014B5869704700BF486300200E
:107960000A4601460148FFF7EDBE00BF486300200C
:10797000024B186800B10069704700BFCC6400205A
:1079800030B40848BDF80850046844B1646934B1A3
:107990000846A44611461A462B4630BC60470020D4
:1079A00030BC7047CC64002030B40848BDF80850A3
:1079B000046844B1A46934B10846A44611461A4685
:1079C0002B4630BC604730BC704700BFCC64002001
:1079D00000207047024B186808B190F850007047BB
:1079E000D06400202DE9F047244C2468002C3FD0BF
:1079F0004FEAC0091E4609EB000304EB8303174658
:107A0000D3F818A088460546BAF1000F32D0504688
:107A10000CF086FE4D4404EB8504D4E90754DFF8EE
:107A200064C0174B08280246514628BF082240462A
:107A3000002D08BF6546002C08BF1C460CF022F93B
:107A400028460CF06DFE10280246294628BF102259
:107A500038460CF017F920460CF062FE0428024666
:107A60002146304628BF0422BDE8F0470CF00AB991
:107A7000BDE8F087DFF810A00820CBE7D064002035
:107A8000305F0300205F0300145F0300F8B50B4F65
:107A90003B6883B1C5002E1803EB86060446726965
:107AA0001AB190473B6886F82A002C4403EB840304
:107AB00093F82A00F8BD1846F8BD00BFD064002036
:107AC000054B1B683BB100EBC00003EB8003586A19
:107AD0001B8D086013807047D06400200A781E2A2E
:107AE00001D10020704710B520221C46052100233B
:107AF00000F0AEFF204610BD70B40A4C039A246813
:107B00005CB100EBC00504EB8504A4682CB10E4603
:107B100030461946234670BC18474FF0FF3070BC02
:107B2000704700BFD064002070B40A4C039A2468E8
:107B30005CB100EBC00504EB8504E4682CB10E4693
:107B400030461946234670BC18474FF0FF3070BCD2
:107B5000704700BFD0640020054B1B6833B100EBB9
:107B6000C00003EB80031B6903B11847704700BFD7
:107B7000D064002000B5114B402283B083F8272346
:107B800004F062F84FF0804302A80024D3F8385480
:107B900000F8084D09F0B2F802A8094B40F8043D7E
:107BA00009F0D8F809F0E8F8EB0702D401F0F2FE8A
:107BB000FCE7204603F08CFEF8E700BF00E100E0A0
:107BC000C57B020003F084BE002003F0D9BA00BFD9
:107BD00000B5002383B00322CDE900230349044804
:107BE000C82207F029FF03B05DF804FB345F0300EF
:107BF000757B020009F038BD4FF08052536E1BBAFE
:107C00000360136E1BBA436008207047004870473A
:107C10003C5F030070B51F4C2368E3B1C9B9157808
:107C2000C5F34115012D11D0022D16D15478012C28
:107C300025D0022C0DD19388072B0ED1164C11465E
:107C400023892246BDE8704002F06ABE517822299D
:107C500005D0012070BD184670BD084670BD1146A4
:107C60005288003218BF01221A7602F041FE2268C3
:107C7000136A002BEDD0107E9847284670BDDC6952
:107C800034B1114623782246BDE8704002F048BE68
:107C9000204670BDD46400200460002010B5044666
:107CA00001F0DAFD08B9002010BD01F0DDFD00286B
:107CB000F9D1044B4FF45A7202FB0434207900F0DE
:107CC000010010BDD8640020064A4FF45A7303FB2C
:107CD000002050F8063F0B60838882798A718B8080
:107CE000704700BFD864002008B5044A4FF45A73A7
:107CF00003FB0020103001F027FC08BDD8640020F1
:107D00002DE9F0414FF45A7505FB00F5174E05F1CA
:107D10001004344492B2204601F040FC074620464D
:107D200001F02AFC3F2802D83846BDE8F08106EB76
:107D30000508002098F8031002F016FD0028F3D083
:107D4000204601F019FC3F2805D898F803100020C0
:107D500002F03CFDE8E705F53A72324498F803106A
:107D60004023002002F05EFDDEE700BFD864002063
:107D7000034A4FF45A7303FB0020103001F07CBC1F
:107D8000D86400202DE9F8434FF45A7505FB00F53F
:107D9000224E05F12C04344492B2204601F0AAFC94
:107DA0000746204601F0D0FB3F2802D83846BDE800
:107DB000F88301F051FD0028F8D001F055FD804610
:107DC0000028F3D1204601F0BFFB0028EED006EBDF
:107DD0000509404699F8021002F0C6FC0028E5D0DB
:107DE00005F54A75354420462946402201F0D6FB68
:107DF000034668B12A4699F80210404602F012FD87
:107E00000028D3D1064B1B68DB07CFD500BECDE7DA
:107E100099F8021002F0DAFCC8E700BFD86400202D
:107E2000F0ED00E02DE9F041054601F015FD10B937
:107E30000020BDE8F08101F017FD06460028F7D1CB
:107E40004FF45A7404FB05F4174F04F12C053D441C
:107E5000284601F079FB0028EAD007EB04083046F9
:107E600098F8021002F080FC0028E1D004F54A7472
:107E7000274428463946402201F090FB044668B169
:107E80003A4698F802103046234602F0CBFC48B937
:107E9000064B1B68DB07CBD500BECAE798F802107B
:107EA00002F094FC2046C4E7D8640020F0ED00E026
:107EB00008B5044A4FF45A7303FB00202C3001F03C
:107EC0005BFB08BDD8640020F0B51B4C83B00021DB
:107ED0004FF45A72204601250E460BF0F7FEFF23A1
:107EE0004FF4424204F148016371E2802B460827B7
:107EF000009604F110004FF480722773258101F081
:107F0000E7FA2B464FF4807204F5A471009504F152
:107F10002C0001F0DDFA04F51271284607F02AF86A
:107F200004F52671A0622846666207F023F8C4E9CA
:107F3000100603B0F0BD00BFD864002010B5094B97
:107F4000002203F12C0403F110001A601A7101F0F1
:107F50003BFC204601F038FC20460121BDE81040E2
:107F600001F05ABCD86400202DE9F0414B79022B76
:107F700082B004D00025284602B0BDE8F0818B799C
:107F8000022BF7D1304EB3782BB1304B1B68DB0797
:107F9000F0D500BEEEE78B7833700C780C440746C2
:107FA0006378242B4FF009050BD1082A02D822E070
:107FB000AA4220D323781C441D446378242BADB2FD
:107FC000F6D0052B2CD0042B15D163790A2B12D1B6
:107FD0001F4A94F800800192022301320092384631
:107FE00004EB08011A4602F023FB0028CDD00E3521
:107FF00018FA85F5ADB2174801F0BEFA3F28BAD994
:10800000F178002002F0B0FB0028B4D0114801F054
:10801000B3FA3F28F17811D8002002F0D7FBAAE785
:108020002146384602F080FB0028AED0A37873705A
:1080300023781C441D44ADB26378C4E7064A40234C
:10804000002002F0EFFB96E7D8640020F0ED00E09E
:10805000DA640020E8640020C067002038B5137897
:1080600003F06003202B01D0002038BD254C9388FD
:1080700025789D42F8D15378203B032BF4D8DFE8D4
:1080800003F0271E070281B3022933D0012038BD37
:1080900059B30229FAD155881B482571E94301F0EB
:1080A000010101F0B9FB194B002BEFD0C5F34002E1
:1080B00005F001010020FFF75BFA012038BD00291F
:1080C000E4D111460723124A02F02AFC012038BDF0
:1080D0000029F6D00229D9D10E4B002BD6D00C495D
:1080E0000020AFF30080012038BD114602F000FCF3
:1080F000012038BD084B002BC8D051880020AFF3B9
:108100000080C3E7D8640020046500207175020078
:10811000DE64002000000000000000002DE9F047B0
:10812000574CE2788A420D4607461E4656D19AB20F
:1081300004F53A7104F1100001F0DCFA514BD3B1AF
:108140006379FF2B17D0B6B104F2E72808EB060AD3
:10815000A8F2D72902E0C2450DD0637918F8012FA3
:108160009A42F8D1484601F0FFF90028F3D161792D
:10817000AFF30080EFE7444B23B1444801F0F4F93A
:1081800000285DD0414801F0F7F93F285BD8A3787B
:10819000AB4203D001252846BDE8F0873C4B13B124
:1081A0000020AFF3008001F057FB20BB394801F0FD
:1081B000CBF90028EED1002EECD016F03F06E9D125
:1081C000A178384602F0D0FA05460028E2D0A1781E
:1081D00038463346324602F025FBDCE7A3788B4273
:1081E000DCD02D4B1D6815F00105D4D000BE002554
:1081F0002846BDE8F08701F037FB05460028D5D1B9
:10820000244801F0A1F90028D0D0A178284602F036
:10821000ABFA0028CAD021494022A1F53F7001F0F5
:10822000BDF9034638B328461C4AA17802F0FAFA91
:108230000028AFD1184B1B68DB07B7D500BEB5E7E8
:10824000AFF300809EE7E178002002F08DFA00286D
:108250009DD00E4801F090F93F2804D8E178002025
:1082600002F0B4FA93E740230D4AE178002002F0CF
:10827000D9FAA3788CE7A17802F0A8FA96E700BFB4
:10828000D86400200000000000000000E864002026
:108290000000000004650020F0ED00E00068002010
:1082A000C06700208C22002101480BF00FBD00BFE9
:1082B000406800208C22002101480BF007BD00BF60
:1082C000406800202DE9F0414B79032B82B004D0A7
:1082D0000024204602B0BDE8F0810D79C5EBC5044D
:1082E0001234A4B2944205D9224B1B68DA07EFD5A9
:1082F00000BEEDE7204F7A78002AF5D191F800E032
:1083000001EB0E0C9CF80180B8F1210FECD1C7F8FD
:1083100088C0884611F80E1007F1010E614407F17C
:10832000020C2A46CDE900CE064602F081F900286B
:10833000DAD098F80630B978012B04BF98F80730E6
:10834000FB700122D7F888303A7198F80220B3F810
:1083500007303A70FB800029BBD030464023074AE3
:1083600002F060FA0028B4D1024B1B68DB07B0D5DD
:1083700000BEAEE7F0ED00E0406800208868002015
:108380002DE9F041137803F01F04012C82B003D0D3
:10839000002002B0BDE8F081DFF8D881968898F817
:1083A0000070F6B2B742F3D113F0600305460F46F2
:1083B000164617D100293BD15378062BE8D15388B4
:1083C0001B0A212B00F09080222BE1D10846FFF7F9
:1083D000CFFAB8F8063002463146284602F0A0FA35
:1083E0002046D6E7202BD3D15378013B0A2BCFD898
:1083F00001A252F823F000BFA18402008F84020082
:10840000258402009183020091830200918302007F
:108410009183020091830200798402005384020058
:108420003584020021B931460123494A02F078FA25
:108430000120AEE7D1B10229FAD17188454BC9B20A
:1084400088F80410002BF3D00020AFF30080012047
:108450009FE70029ECD171883F4B090A88F8051085
:1084600023B13846AFF30080002891D0314628462A
:1084700002F03EFA01208CE7002941D1F388402B1D
:1084800086D83146354A02F04BFA012081E70029AF
:10849000CED131460123324A02F042FA012078E778
:1084A0000029C5D1F4887388402C204628BF40207D
:1084B00013F0FF014FEA13223CD0012C3AD90138C6
:1084C000284B88F8081080B2012700900020FFF7A1
:1084D00057FA3B189BB27BBB234A1268D2077FF541
:1084E00057AF00BE184654E7D8F88820002A3FF45A
:1084F0004FAF1378314602B0BDE8F04102F010BA38
:10850000022995D1F4887388402C204628BF40204A
:1085100013F0FF014FEA132205D0012C03D998F87C
:1085200048308B420FD00D4B00900020FFF73CFAF3
:1085300001202EE70D4BC8E7314628460B4A02F0D2
:10854000EFF9012025E7013880B2094BECE700BFC5
:10855000446800200000000000000000886800203F
:108560004568002049680020F0ED00E048680020E0
:108570008968002040680020F0B51C4CA57866781A
:108580008D4283B00BD1B54216D1194A22B1DAB26D
:1085900018490020AFF30080012003B0F0BDB142C4
:1085A000F3D0154B1B68DB0703D500BE002003B0DA
:1085B000F0BD002003B0F0BD00229BB2114607467B
:1085C0000093104604F14803FFF7EEF938464023C4
:1085D00004F14802A17802F025F90028DCD1064B0D
:1085E0001B68DA07E5D500BED7E700BF406800206A
:1085F0000000000048680020F0ED00E030B5154CA8
:1086000083B000210D464FF41A7220460BF05EFB3A
:1086100004F1480104F1100000950123802200F0CC
:1086200057FF0123802204F1C801009504F12C00BA
:1086300000F04EFF04F5A471012006F09BFC04F548
:10864000CC71A0620120656206F094FCC4E91005BB
:1086500003B030BD047C002010B5084C002304F1A9
:108660001000C4E90033C4E9023301F0ADF804F1AD
:108670002C00BDE8104001F0A7B800BF047C00202A
:108680002DE9F0474B79012B03D000242046BDE8AB
:10869000F0878B79012BF8D1CB79002BF5D10B78B2
:1086A000CD1899B26C78242C0BD1914202D9ECE709
:1086B0008A42EAD32B781D440B446C78242C99B25F
:1086C000F6D0042CE1D16B79012BDED1AB79032BF1
:1086D000DBD1EB79002BD8D1DFF8B88098F80130E6
:1086E00013B998F802702FB1274B1B68DB07CCD564
:1086F00000BECAE7AB7888F800302E7892462A7917
:108700008B1981469CB22E4432B91FE033789742D0
:108710001C44A4B21E4419D2A24517D37378052B6A
:10872000F4D13146484601F0FFFF0028DCD0B37891
:10873000DA0914BF88F8013088F8023033782A79D2
:1087400001371C44FFB2A4B21E44DFE70F4800F01B
:1087500013FF3F289AD998F80210002002F004F87D
:10876000002893D0094800F007FF3F2898F802102E
:1087700003D8002002F02AF888E7054A40230020A9
:1087800002F050F882E700BFF0ED00E0147C00201A
:10879000EC7D0020047C002000207047F8B53D4CA3
:1087A000A2788A421F4613D19AB204F5F47104F1FB
:1087B000100000F09FFF384B13B10020AFF3008092
:1087C000364800F0D9FE3F282CD801252846F8BDB0
:1087D00063788B4208D0324B1D6815F00105F5D047
:1087E00000BE00252846F8BD064604F12C0000F026
:1087F000ABFE40BB2B4800F0A7FE0028E5D1002FC0
:10880000E3D017F03F07E0D16178304601F0ACFFCC
:1088100005460028D9D0617830463B463A4602F0FA
:1088200001F8D3E7A178002001F09EFF054600285B
:10883000CBD01A4800F0A0FE3F28A17820D8002015
:1088400001F0C4FFC2E76178002001F08DFF00282D
:10885000D0D0402204F50A7104F12C0000F09EFEF5
:10886000034698B104F50A726178002001F0DAFF3E
:108870000028AAD10A4B1B68DB07BBD500BEB9E7AD
:10888000094A4023002001F0CDFF9FE7617801F005
:108890009DFFAFE7047C002000000000147C002056
:1088A000F0ED00E0307C0020EC7D002030B4114B76
:1088B0009C689A6B93F83C5083F82C10A21A022102
:1088C00083F830109A6225B942F2050183F83E50D0
:1088D000998744B13AB11A7BD20906D193F82F1087
:1088E00030BC01F0DBBF30BC704793F82E1030BCB9
:1088F00001F0D4BFCC6A002038B5214B214C05468D
:108900001BB1607BAFF30080A8B1A06BA36894F8A3
:108910002F101D4A1B1AB3F5007F28BF4FF40073B8
:1089200028469BB201F07EFF20B9184B1B68DB077D
:1089300000D500BE38BDA268A36B84F83E0042F2A9
:108940000771D31A0120A1870221A36284F82C00A9
:1089500084F83010002AEDD0002BEBD0237BDB090C
:1089600006D194F82F102846BDE8384001F096BF94
:1089700094F82E102846BDE8384001F08FBF00BFA4
:1089800000000000CC6A0020CC680020F0ED00E080
:1089900070B52C4CE28AA36852BA92B282B00546F6
:1089A00012B1B3FBF2F292B2A66BD4F81110607B55
:1089B0009B1BB3F5007F28BF4FF4007309BA0093E7
:1089C000B6FBF2F302FB136219441F4BFFF794F856
:1089D000031E16DB94F82E100CD09BB228461A4AC0
:1089E00001F020FF58B9194B1B68DB0707D500BE03
:1089F00002B070BD009328461A4601F0E5FD02B0B2
:108A000070BDA268A36B43F203300021D31AA08784
:108A100084F83E1001200221A36284F82C0084F81F
:108A20003010002AEBD0002BE9D0237BDB0914BFE8
:108A300094F82E1094F82F10284602B0BDE870402C
:108A400001F02CBFCC6A0020CC680020F0ED00E0E3
:108A500010B4054C012084F83C1084F83D2084F8C3
:108A60003E305DF8044B7047CC6A00204022002164
:108A700001480BF02BB900BFCC6A00204022002136
:108A800001480BF023B900BFCC6A00204B79082BBA
:108A900001D0002070478B79062BFAD1CB79502B6F
:108AA000F7D1162A06D81C4B1B68D907F1D500BE92
:108AB0000020704770B5194D8B7885F82D300B78F4
:108AC00082B005F12F0205F12E0619440223CDE9EB
:108AD00000261A46044601F0ABFD48B90E4B1B6850
:108AE000DA0702D500BE02B070BD002002B070BD32
:108AF00020461F2300242A4695F82F1085F8304081
:108B000001F090FE30B9044B1B68DB0702D500BEB4
:108B10001720E8E71720E6E7F0ED00E0CC6A002038
:108B200079B970B50B46117801F07F04022C84B03E
:108B3000054608D001F06001202938D0002004B09B
:108B400070BD012070475478012CF3D15188002961
:108B5000F4D13E4E918896F83030042BC9B270D0D3
:108B600096F82E208A425AD096F82F408C4253D144
:108B7000002B51D1214601F083FE00284CD1214623
:108B8000284601F0A7FE002846D1002386F83030A1
:108B9000284696F82F102D4A1F2301F043FE002887
:108BA0003AD12B4B1B68DB07C8D500BEC7E751780D
:108BB000FE2916D0FF29C1D15388002BBED1D488FD
:108BC000A3B2002BBAD1214E1146284686F8303088
:108BD000C6E90D33B48786F83E3001F089FE0120E6
:108BE000ADE751880029A9D1D1880129A6D119481A
:108BF0008DF80F1038B10192FEF7ECFE019A0028B3
:108C00009CD0431EDBB204AC114604F8013D28465B
:108C10002246012301F084FE012004B070BD022B26
:108C2000FAD1B46BB3681B1B11460324B36206F17F
:108C300020020D2386F8304001F0F4FD0028B0D06A
:108C4000EAE701F02BFE204679E700BFCC6A00205E
:108C5000F0ED00E0D5790200F0B5A24C94F8305068
:108C6000012D8FB01E46074644D02AD3032D04D0D1
:108C7000022D5FD001200FB0F0BD94F82E308B4252
:108C8000F8D10D2EF6D1E37B282B00F022812A2B80
:108C900040F01581944B13B1607BFEF75DFF00201F
:108CA00084F830001F238F4A94F82F10384601F0C3
:108CB000B9FD002872D18D4B1B68DA0771D500BE53
:108CC000D9E794F82F208A42D4D11F2B03D1884BA7
:108CD0002168994267D0042394F82E1084F830302C
:108CE000384601F0DBFD384694F82F1001F0D6FD30
:108CF0000020C0E7E27BA36B282A12D02A2A00F0CA
:108D00008A80217B626B1E44CB09A66377D0B24276
:108D10000DD9764B1B68DB0740D500BE94F8305068
:108D2000A6E7626B1E449642A663C0F0B880022399
:108D300084F8303094F82E10384601F0CBFD00282E
:108D400098D1A368A26B94F82E10934202D9207B8D
:108D5000C00950D19A1A0325A26238460D23654AEC
:108D600084F8305001F05EFD0028A4D082E704AA08
:108D700005A9FEF7A5FE059B23B1BDF81020002A2A
:108D800040F0928294F83C3023B940F2024284F8D9
:108D90003E30A28701213846FFF788FD94F8305015
:108DA00066E7002067E7544BE57B61682362002398
:108DB0006162A362012184F82C30A363282DA3688B
:108DC00084F83010636300F0C0802A2D53D0002B4C
:108DD00000F01481217BC90940F01081B3F5007FB8
:108DE00000F22B8211469BB2444A01F01BFD002881
:108DF0003FF461AFD2E7384601F050FD3AE793B255
:108E0000607B3E4A04F10F01FEF768FE00287BDB21
:108E1000A66B626B7BE7E28A52BA92B21AB1A16882
:108E2000B1FBF2F292B2D4F81110344DB3FBF2FC64
:108E300009BA02FB1C32607B009661442B46FEF7A8
:108E400073FE0028C0F2B68086422DD9361A38B19A
:108E5000A36B2918034432462846A3630AF01DFF7A
:108E6000002394F82F1000933246384601F0ACFBF3
:108E700094F83050FCE6E18A49BA89B2002B68D0F8
:108E8000207BC00940F08B80002900F0EC81B3FB0F
:108E9000F1F1002900F00482282D38460CD1FFF7AB
:108EA00077FD94F83050E3E6D4E90D231E44964252
:108EB000A663BFF43CAF3846FFF71EFD6EE7104BCC
:108EC000002B3FF4ECAE04F10F01607BAFF30080A8
:108ED000E5E60C4B002B3FF4E2AE607BAFF3008085
:108EE000DDE600BFCC6A0020597B0200F0ED00E017
:108EF00055534243EC6A002055534253CC6800203E
:108F00000000000000000000A368A66B94F83C106D
:108F100084F82C509A1B0220A26284F8300021B9F8
:108F200042F2050084F83E10A087002B3FF471AF99
:108F3000002A3FF46EAF237BDB0940F0A98194F84F
:108F40002F10384601F0AAFC62E7E18A49BA89B2DB
:108F50000BBB00293FF4EBAE94F83C00A362022166
:108F600084F82C1084F8301000287FF4E3AE42F22D
:108F700005000021A08784F83E10002B3FF4DAAEF4
:108F8000237BDB0940F07C811146384601F086FCEA
:108F900094F830506CE6207BC0097FF475AF94F8EC
:108FA0003C00A362022184F82C1084F830100028C1
:108FB000DDD0E5E7A36BA2681E4443F20330002135
:108FC000931BA08784F83E1001200221A663A362B0
:108FD00084F82C0084F83010002A3FF4ABAE002B4C
:108FE0003FF4A8AE237BDB0940F04A8194F82F10B0
:108FF000384601F053FC94F8305039E6607B252D5B
:1090000000F2228101A252F825F000BF299202004D
:109010004992020049920200D59102004992020051
:1090200049920200499202004992020049920200CC
:1090300049920200499202004992020049920200BC
:1090400049920200499202004992020049920200AC
:10905000499202008F910200499202004992020057
:10906000499202004992020049920200499202008C
:1090700049920200499102001391020049920200B4
:10908000499202004992020049920200499202006C
:109090004992020049920200A59002004992020002
:1090A0006F8D020005AD00230DF10E0204A96B6067
:1090B0000593AB60FEF704FD049A002A3FF462AE0C
:1090C000BDF80E30002B3FF45DAE12BA5BBA08203B
:1090D0000221ADF81E3006928DF817008DF81C1095
:1090E00095E80700744B83E807000C20A368002B69
:1090F00000F0A380984228BF184683B260636E4A8E
:1091000094F82E10384601F08DFB00283FF4D3ADC3
:1091100044E66A4B002B00F08C80E17CC1F34003F5
:1091200001F001020909AFF30080002840F08180BE
:1091300094F83C30002B7FF42DAE40F20242002325
:10914000A28784F83E3025E69DF816305C4900225F
:1091500003F0800362F3C7138DF8163003238DF8F4
:1091600015208DF817208DF81430002900F09A8012
:10917000AFF300809DF816304F4A80F0010060F395
:10918000C7138DF81630059B13600420AEE74FF02F
:10919000203302250022CDE9052207A909AA089358
:1091A0008026079309930D93CDE90A330C938DF82C
:1091B00016500DAB8DF8175005AD8DF81560FEF704
:1091C00011FC0FCD3C4E0FC60FCD0FC62B68336080
:1091D00024208BE794F83C2094F83D0094F83E104E
:1091E000354E4FF0000C4FF00003CDE905CCCDE932
:1091F00007CC62F303038DF81630F0220A23ADF892
:1092000024C08DF820008DF821108DF814208DF8E1
:109210001B3005AD0FCD0FC62B68A4F83CC084F8F9
:109220003EC03380122061E7FEF730FC00283FF497
:109230007FAFA368002B3FF47AAD01213846FFF7DA
:1092400035FB94F8305013E594F83C20002A7FF465
:10925000A1AD9BB2184A1B49FEF740FC0028FFF65F
:1092600099ADE6D042E7012194F83C0084F82C1037
:109270000221A36284F8301000287FF47EAE76E6E7
:1092800094F82E10384601F009FB94F83050EFE4C2
:1092900094F82E10384601F001FBD4E90D2636E58E
:1092A0000221E1E7012065E7013B03491BBA12BA3D
:1092B000C1E90032082019E7CC6800200000000056
:1092C00000000000DB6A002030B5154C83B000219F
:1092D0000D464FF4EE7220460AF0F8FC04F13C0112
:1092E000201D00950123402200F0F2F801234022C6
:1092F00004F17C01009504F1200000F0E9F804F18C
:10930000BC01012005F036FE04F58671E061012004
:10931000A56105F02FFEC4E90D0503B030BD00BF07
:109320000C6B002010B5064C2046002340F8043B8F
:1093300000F04AFA04F12000BDE8104000F044BA01
:109340000C6B00204B79FF2B01D0002070472DE9DA
:10935000F041324D6B7882B00BB9AB781BB1002075
:1093600002B0BDE8F0810C788B782B700746087945
:109370000E460C4418B36378052B0AD0A3189C4200
:1093800002D306E0A34204D921780C446178052970
:10939000F8D1DFF89480CDF8048008F1010302468B
:1093A000009321460223384601F042F9A0B13379F7
:1093B000A978C3EBC3031C4431B9697891B9A01BE8
:1093C00080B202B0BDE8F08108F25B12384640235B
:1093D00001F028FA0028F0D1114B1B68DA07BED53E
:1093E00000BEBDE7002001F04BFA07460028E6D199
:1093F0000C494022A1F5BE7000F0D0F80028DED064
:1094000003466978074A384601F00CFA0028D6D19D
:10941000034B1B68DB07D2D500BED0E70C6B0020E6
:10942000F0ED00E0A86C00200D6B002038B5234C57
:10943000A5788D420AD063788B424FF0000004D1AA
:1094400001F01EFA054600B3012038BD9AB204F5BA
:10945000AE71201D00F04EF9194B13B10020AFF38F
:109460000080A178002001F00BFA05460028EBD11E
:10947000144800F081F83F28E6D9A178124A28461E
:10948000402301F0CFF9012038BD402204F5CE7110
:1094900004F1200000F082F80028D5D0034604F53E
:1094A000CE722846617801F0BDF90028CCD1074B77
:1094B0001B68DB07C8D500BEC6E700BF0C6B0020E9
:1094C00000000000106B0020686C0020F0ED00E050
:1094D0002DE9F041B2F5004F9DF8188030D80446D0
:1094E00040691E460F46154618B14FF0FF3105F092
:1094F00083FFA06918B14FF0FF3105F07DFF6A00CE
:1095000092B260692760511E00235242E381A58018
:10951000E68084F80880A1816281238218B11A460E
:10952000194605F04DFBA06938B100231A461946CB
:1095300005F046FB0120BDE8F0810120BDE8F08187
:109540000020BDE8F08100BFC189028A89B292B2D1
:109550008B1A91429BB202D242899B1A9BB280889D
:10956000984228BF18467047C289038A9BB2981A4E
:10957000B0FA80F040097047C189028A89B292B27C
:109580008B1A914210B49BB2848802D240891B1A74
:109590009BB2E01A80B25DF8044B70472DE9F843A6
:1095A000044680690E46174618B14FF0FF3105F0AA
:1095B00023FFE089218A80B289B2451A8842ADB280
:1095C00002D26389ED1AADB2A388AB420AD2C21AA5
:1095D000984292B245D26189521A92B22282218A6D
:1095E0001D4689B2002D40D0BD4228BF3D468B426A
:1095F00003D8C91A89B28B42FBD95B1AB4F806802A
:1096000022689FB2BD4208FB012124D917FB08F94B
:109610001FFA89F94A4630460AF034FBEA1B12FB6E
:1096200008F206EB090092B221680AF02BFB228AAD
:1096300092B253199BB29A4219D9628913449BB2D0
:10964000A069238220B100231A46194605F0B8FA12
:109650002846BDE8F88308FB05F230460AF012FB05
:10966000E5E7A1899142B9D2B5E7238A9BB2A289E5
:109670009A42E5D2E1E700BF70B5054680690E4623
:1096800018B14FF0FF3105F0B7FEEC892B8AA4B278
:109690009BB2E01A9C4280B202D26A89801A80B2E0
:1096A000AA88824208D2A11A944289B21CD268893F
:1096B000091A89B229821046D0B1934203D39B1A6A
:1096C0009BB29A42FBD9EA882968304602FB031113
:1096D0000AF0D8FA0124A86920B100231A461946D5
:1096E00005F06EFA204670BDA8898842E2D2DEE716
:1096F0000446F0E72DE9F047154612B92846BDE8C3
:10970000F087044640690F4618B14FF0FF3105F06D
:1097100073FEE689227A218AA388B4F80680B6B25D
:1097200089B282B39D4204D3ED1A08FB05770E4639
:109730001D469E42304603D3C01A80B29842FBD2E7
:109740001B1A22681FFA83F94D4508FB002027D811
:1097500008FB05F239460AF095FAAB199BB29E4216
:1097600002D8A2899A4202D2628913449BB26069EC
:10977000E3810028C2D000231A46194605F020FADA
:109780002846BDE8F087721A8E4292B202D26189F1
:10979000521A92B29A1A92B2954228BF1546C8E759
:1097A00019FB08FA1FFA8AFA524639460AF06AFA91
:1097B000A5EB090212FB08F207EB0A0192B220683E
:1097C0000AF060FAC9E700BF10B50446406918B155
:1097D0004FF0FF3105F010FEA06918B14FF0FF31D6
:1097E00005F00AFEA38860695B009BB2591E5A42CD
:1097F0000023E381A1816281238218B11A461946B0
:1098000005F0DEF9A06920B100231A46194605F0DB
:10981000D7F9012010BD00BF38B5044640690D4698
:1098200018B14FF0FF3105F0E7FDA06918B14FF016
:10983000FF3105F0E1FD6069257220B100231A4671
:10984000194605F0BDF9A06920B100231A46194652
:1098500005F0B6F9012038BD024B5878003018BF2A
:1098600001207047406D0020024B1878C0F3800043
:10987000704700BF406D0020014B1878704700BF53
:10988000776D00202DE9F043374D2C7883B01CB163
:10989000204603B0BDE8F083372221460646334810
:1098A0000AF014FA3249012005F064FB314B1860CC
:1098B000002832D030490B464A6833F8080B4988F3
:1098C000009405F00BF92D4B186030B32C4B6BB3A3
:1098D0002C4FDFF8B880DFF8B8903846AFF300803F
:1098E0003B78C8F800000DE0D8F8003004EB4402E3
:1098F00003EBC2031B6898473B780134E4B21A1D9E
:10990000A24225DBA342EFD8E31ADBB2042B1CD81A
:1099100003EB430309EBC303ECE71B4B1B68DB07BB
:10992000B6D500BE204603B0BDE8F083DFF8608006
:10993000144F012458F8183B98473A780432A24251
:1099400004F1010404DB062CF4D100231B68FFDEC4
:10995000304601F05FF9304601F05EF901242046FF
:109960002C7003B0BDE8F083776D0020406D0020BF
:10997000F06C0020786D0020B86000207C6D002025
:1099800000000000EC6C0020F0ED00E0E86C00202E
:10999000785F03002DE9F04F8BB002F063F90028E7
:1099A00000F0DC81DFF85C83DFF85C93DFF850A324
:1099B000DFF858B3D8F800004FF0FF3207A905F0E0
:1099C00089FB002800F0CA819DF81D30013B072B60
:1099D00000F2B881DFE813F01F01FA00C800B900F7
:1099E000AD0040000E000800089B002BE2D0099853
:1099F0009847DFE79DF82010BC4B01F07F0403EB94
:109A0000440303EBD11393F825006FF3000083F8B0
:109A1000250093F825006FF3820083F82500002CC1
:109A200000F0CC81B24ADB7C002A00F0C081B14A50
:109A30001278934280F0B981DBF8002003EB4303F6
:109A400012EBC30300F085811C699DF82120099B5E
:109A50009DF81C00A047ADE7A44C9DF81C6023783E
:109A600043F00103237094F825306FF3000384F86A
:109A7000253094F825306FF3820384F8253094F86C
:109A800026306FF3000384F8263094F826306FF305
:109A9000820384F82630002000F0ACFF9DF82030CF
:109AA00003F06002602A00F06A81402A00F06E81B3
:109AB00003F01F03012B00F0C581C0F0A281022B2F
:109AC00040F05D819DF8241001F07F03082B00F227
:109AD000568158002318CF093B44854DDB7C002D6F
:109AE00000F0F481834D2D78AB4280F0ED81DBF8FE
:109AF000005003EB430305EBC3030093002A00F07F
:109B0000EC815BB1009CE06800F074FFE3683046D4
:109B100008AA0021984700287FF44CAF9DF81C004C
:109B2000002101F0CDFA80219DF81C0001F0C8FA57
:109B300040E76E4B1B78D9077FF53CAF6E4B002B8F
:109B40003FF438AFAFF3008034E7684B1A78D007A2
:109B50007FF530AF694A002A3FF42CAF1878C0F384
:109B6000C000AFF3008025E7624D614A2B78002AE0
:109B700000F085800024A342194614D9DBF8003098
:109B800004EB440203EBC2035B69BBB19DF81C000C
:109B9000984729780134E4B20B1D9C423FF70AAF85
:109BA0000B46A342EAD8E31ADBB2042B7BD803EBC3
:109BB00043030AEBC3035B69002BE7D10134E4B232
:109BC0000B1DA342FFF6F6AE0B46EAE7494D484AA5
:109BD0002B789DF81C40002A00F0F88000260FE04A
:109BE000DBF8003006EB460203EBC2035B6820465D
:109BF00098472B780136F6B21A1DB242C0F288801F
:109C0000B342EDD8F31ADBB2042B35D803EB430390
:109C10000AEBC303EAE7374D354A2B789DF81C4021
:109C2000DAB100260EE0DBF8003006EB460203EB6B
:109C3000C2035B68204698472B780136F6B21A1D9E
:109C4000B24233DBB342EED8F31ADBB2042B13D8A3
:109C500003EB43030AEBC303EBE7294F01267B68C1
:109C6000204698472B7804339E4207F1180706F1E7
:109C700001061BDC062EF2D100235B68FFDE204EBE
:109C800001247269002A00F0B3809DF81C009047FF
:109C90002B78191D8C4206F1180604F101043FF7D8
:109CA00089AE062CEDD100235B69FFDE0F4C372215
:109CB000002120460AF00AF84FF0FF33C4F80730BD
:109CC000C4F80B30C4F80F30C4F80330C4F81330B4
:109CD000C4F81730C4F81B30C4F81F30A4F8233080
:109CE00000F07EFE9DF82030A37063E6406D0020FA
:109CF00000000000EC6C00200000000000000000EC
:109D0000785F03007C6D0020F0ED00E0E86C00203F
:109D100037220021BE4809F0D9FFBE4A4FF0FF3379
:109D200053619361D3611384136053609360D36074
:109D3000136100F055FEB84B002B3FF43BAEAFF380
:109D4000008037E6D9F80030DA077FF533AE00BE81
:109D500030E6B24B1B68DC0700D500BE0BB0BDE897
:109D6000F08F581EC0B2FDF7F5FD18B14378022BF5
:109D700000F06382D9F80030DB0700D500BED9F8C7
:109D80000030DD077FF5CAAE00BEC7E6A448002854
:109D90003FF4C4AE00F02EFE304608AA0021FDF7C5
:109DA00039FF00287FF406AEB8E69B1ADBB2042B1D
:109DB000CFD803EB43030AEBC30345E6099B9DF8A9
:109DC00021209DF81C0000F02BFEF3E5954F0126A5
:109DD0007B68204698472B7804339E4207F118078A
:109DE00006F1010694DC062EF2D100235B68FFDE4B
:109DF0001A1D944206F1180604F101047FF751AFD1
:109E0000D8E5202A00F07A81002AB8D19DF82130C7
:109E1000092BB4D801A252F823F000BF31A00200F0
:109E2000F39F02007F9D020051A002007F9D02006F
:109E3000D99F0200879F02007F9D0200739F02004E
:109E4000459F02009DF824300F2B3FF667AE234458
:109E5000754ADB7882B3754A127893422AD2DBF8CE
:109E6000004003EB430314EBC3043FF457AEE06838
:109E700000F0C0FDE36808AA00213046984700289A
:109E80007FF498AD9DF8203013F060047FF446AE67
:109E90009DF821300A3B012B3FF640AE00F0AAFDB1
:109EA0009DF821300A2B00F06E8108A9304600F0A1
:109EB0001FFD7FE59B1ADBB2042B3FF62FAE03EBB1
:109EC00043030AEBC304D2E75B1BDBB2042B40F273
:109ED0002D81002A7FF422AE00929DF82130012BC3
:109EE00004D0C0F02C81032B7FF449AFBDF8225081
:109EF0009DB9012B00F0348125183D4420356B7944
:109F00009B070AD4304601F0DBF86B7943F002037B
:109F10006B716B7943F001036B71009D002D3FF471
:109F200049ADE86800F066FDEB6808AA00213046FC
:109F30009847002000F05EFD94F82630DF073FF5DB
:109F400039ADB2E79DF8223003931A4663789A42FE
:109F500007D06378002B40F01F81039B002B7FF418
:109F600000AF9DF80C306370304608A900F0C0FCCB
:109F700020E50AAA637802F80E3D3046012308A9BD
:109F800000F0CEFC16E5BDF82200030A5A1EC0B24E
:109F90000E2A3FF6C3AD01A151F822F0E5A0020060
:109FA000C9A00200B9A002001D9B02001D9B020077
:109FB00093A00200C9A002001D9B02001D9B02008D
:109FC0001D9B02001D9B02001D9B02001D9B0200A9
:109FD0001D9B02006DA0020008A800F011FD304694
:109FE0009DF8221000F01EFE237843F00203237038
:109FF000E0E4BDF82230012B7FF490AD23783046A9
:10A000006FF3C30308A9237000F072FCD2E400BF11
:10A01000406D0020436D002000000000F0ED00E0E6
:10A02000157C0200785F030000000000EC6C00204B
:10A030002378990801F00201C3F340130AAA0B43E5
:10A0400022F80E3D3046022308A900F069FCB1E475
:10A05000BDF82230012B7FF461AD2378304643F008
:10A06000080308A9237000F043FCA3E4B14B002BC4
:10A070003FF454ADFDF7CAFD024600283FF47FAE21
:10A080003046538808A900F04BFC00287FF492ACBE
:10A0900044E5A94B002B3FF441ADAFF300800246ED
:10A0A00000283FF43BAD3046137808A900F038FC97
:10A0B00000287FF47FAC31E5BDF82410FDF750FC9B
:10A0C00002460028EFD129E5022B00F06D819B4B61
:10A0D000002B3FF423ADAFF300800246002A3FF48B
:10A0E0004EAECDE7FDF732FC1223024608A93046FA
:10A0F00000F016FC00287FF45DAC0FE59DF82430DD
:10A100000F2B3FF60BAD23448D4ADB782AB18D4AE5
:10A11000127893421BD39B1ADBB2042B3FF6FEACA2
:10A1200003EB43030AEBC304E068EDE403EB4303F2
:10A130000AEBC3030093002A7FF4E4ACCDE62318B6
:10A140003B4420330AAA5B79C3F3400378E7DBF88A
:10A15000004003EB430314EBC3043FF4DFACE3E73D
:10A1600023181F4420377B799A077FF5D6AE3046F7
:10A1700000F0ECFF7B7965F341037B717B7965F33C
:10A1800000037B71C9E60AAA08A902F80E4D304601
:10A19000012300F0C5FB0DE4304600F0E7FD694DFA
:10A1A000674AA1782B7800918AB300270EE0DBF88C
:10A1B000003007EB470203EBC2035B683046984769
:10A1C0002B780137FFB21A1DBA420BDBBB42EED827
:10A1D000FB1ADBB2042B3FF64FAD03EB43030AEB54
:10A1E000C303EAE737220021574809F06FFD574AB9
:10A1F0009DF80030A3704FF0FF3353619361D3613A
:10A200001384136053609360D3601361A5E6504BD1
:10A210002A4601271D4613466A6801933046904737
:10A22000019B19780431B94205F1180507F10107BE
:10A23000D8DB062F3FF420ADEEE7C2792378511129
:10A2400061F30413921162F345132370438804965B
:10A25000C318059300F10907059BBB4240F29C809F
:10A260007B780B2B00F09380012300937B78042BE9
:10A270007FF480AD059B324ADB1B9BB20293314BCE
:10A280001B7842B300220192164619E0DBF8005019
:10A2900006EB460305EBC305AB68029A0498394602
:10A2A0009847082803D9029B834280F08480254B7D
:10A2B0001B780136F6B21A1DB2420196FFF65AAD6E
:10A2C0009E42E3D3F31ADDB2042D21D805EB4505F8
:10A2D0000AEBC505E0E71E4D019215E0AB68029A56
:10A2E00004983946984708282B4602D9029A824298
:10A2F00011D2144B019A1B7801320433934201921C
:10A3000005F11805FFF636AD019B052BDEB2E5D150
:10A3100000239B68FFDE0546009A012A4ED0009B71
:10A3200033B3B97862180B46D278FF2A7FF422AD96
:10A33000002216E00D7C020000000000000000007A
:10A3400000000000EC6C0020406D0020436D0020F8
:10A35000785F03005318DBB2E018C078FF287FF461
:10A3600009AD23440132DE70009BD2B29342F1D892
:10A3700033462A463946184801F0A8FC174B019A83
:10A380001B7804339A422F447FF766AFF2E43B78A0
:10A39000FA7800921F4469E7114B049E002B3FF4AA
:10A3A000E0ADAFF30080DCE5FDF7D4FA0246002A09
:10A3B0003FF4E5AC64E62B460546ADE79B680949EA
:10A3C0000098094A8B4208BF02200146934208BF09
:10A3D00002210091A5E700BF536D0020EC6C002026
:10A3E00000000000697F02008186020030B589B05C
:10A3F00000248D1E8DF809108DF80800CDF80E4050
:10A40000CDF80A40ADF81240032D62D8DFE805F020
:10A41000264108023A4B1978C90760D409B030BD0B
:10A42000374B1978C807F9D51978364841F0040137
:10A43000197000682AB3002305AA02A904F0D0FD10
:10A44000059B002BEAD0304B4FF080525A6040BF42
:10A45000BFF34F8FBFF36F8F09B030BD2849294834
:10A460000B7800686FF300030B700C7800236FF318
:10A4700041040C704B700C7863F382040C70002A5A
:10A48000DAD1134602A94FF0FF3204F099FB09B06C
:10A4900030BD1B490B785B07C0D50B788DF81400D5
:10A4A00018466FF38200174C087000230521CDF881
:10A4B0001A30CDF81630ADF81E3020688DF8151022
:10A4C000B2B101AA05A904F08BFD019B002BA5D018
:10A4D000B9E70C4B1868002AD3D00023ACE71978F1
:10A4E00008486FF3820119700068002AA3D1C8E7F9
:10A4F000134605A94FF0FF3204F062FB8EE700BF60
:10A50000406D00207C6D002000ED00E030B5154D61
:10A5100085B0002301248DF80400CDF80630CDF875
:10A520000A308DF80810ADF80E3028688DF8054017
:10A5300082B16A4601A904F053FD009B43B10A4B66
:10A540004FF080525A6040BFBFF34F8FBFF36F8F01
:10A5500005B030BD134601A94FF0FF3204F030FBC7
:10A56000F6E700BF7C6D002000ED00E030B50B4643
:10A5700085B049688DF804001868114D02AC03C419
:10A58000002306212868ADF806308DF8051082B149
:10A590006A4601A904F024FD009B43B1094B4FF02A
:10A5A00080525A6040BFBFF34F8FBFF36F8F05B02B
:10A5B00030BD134601A94FF0FF3204F001FBF6E76E
:10A5C0007C6D002000ED00E070B584B0164E9DF863
:10A5D0002040039207250022CDF806208DF80400C4
:10A5E000ADF80A208DF808108DF8093030688DF824
:10A5F00005508CB1134601A96A4604F0F1FC009B9A
:10A6000043B10A4B4FF080525A6040BFBFF34F8FA7
:10A61000BFF36F8F04B070BD23464FF0FF3201A926
:10A6200004F0CEFAF6E700BF7C6D002000ED00E0FC
:10A630002DE9F84FDDE90A67002A46D093464A78AB
:10A64000052A0C460FD191F803A00AF0030A5345DE
:10A6500009D18B7803F07F03082B0DD91C4B1B68A5
:10A66000DA0700D500BE1A4B1B68DB0702D40020B6
:10A67000BDE8F88F00BEFAE781460025DFF8548078
:10A680000CE06378052BEED1E37803F00303534528
:10A69000E9D1A37803F07F03082BDFD898F80210E4
:10A6A000204601F0E1FA0028D8D02146484600F0C3
:10A6B000CBFA0028D7D0A378DA0914BF3B703370E7
:10A6C000237801355D451C44DBD10120BDE8F88FBE
:10A6D000F0ED00E0406D002030B5114D85B0002355
:10A6E000082402900193039128688DF8054082B1F7
:10A6F0006A4601A904F074FC009B43B1094B4FF07A
:10A7000080525A6040BFBFF34F8FBFF36F8F05B0C9
:10A7100030BD134601A94FF0FF3204F051FAF6E7BD
:10A720007C6D002000ED00E038B58B7803F07F03EE
:10A73000082B06D90A4B1B68DB0700D500BE00209A
:10A7400038BD084B05460C460846997801F08CFA4E
:10A750000028EFD021462846BDE8384000F074BA02
:10A76000F0ED00E0406D002070B5164C01F07F0365
:10A7700004EB430404EBD1142034607910F001059C
:10A7800004D16379590704D5284670BD00252846B1
:10A7900070BD0D4E4FF0FF31306804F02DFE63792F
:10A7A000DA0707D463795B0704D4637943F00403C1
:10A7B00063710125002330681A46194604F000FA37
:10A7C000284670BD406D0020786D002038B5134DCF
:10A7D0000C4628684FF0FF3104F00EFE104904F0DB
:10A7E0007F0301EB430101EBD41120314B7913F0CE
:10A7F000010310D14C79C4F3800424B14A7963F386
:10A8000082024A710124002328681A46194604F07E
:10A81000D7F9204638BD0024F5E700BF786D002049
:10A82000406D002070B5144C01F07F0604EB460427
:10A8300004EBD11420346579ED0706D50F4B1B6866
:10A84000DA0700D500BE002070BD657945F001052E
:10A85000657100F0DBFA0028F6D16379074A60F3EE
:10A8600000036371637960F3820363711368DB072C
:10A87000E9D500BE70BD00BF406D0020F0ED00E0E6
:10A88000054B01F07F0203EB420303EBD11191F87A
:10A89000250000F001007047406D002010B50C4C01
:10A8A00001F07F0204EB420404EBD11494F825304C
:10A8B0009B0700D510BD203400F002FC637943F003
:10A8C00002036371637943F00103637110BD00BF3C
:10A8D000406D0020054B01F07F0203EB420303EBC8
:10A8E000D11191F82500C0F340007047406D002061
:10A8F0000A4630B4094C496805461068234603C32C
:10A900000023C4E9023392F900209A422846ACBFE2
:10A91000802119461A4630BCFFF784BF406E0020E4
:10A92000F0B50E462B4C496807463068A2602546B4
:10A9300003C50021E181F588AB4228BF2B4683B0D7
:10A94000A381ADB13BB3002A3DD094F90000402B68
:10A9500028BF402300282CDB1F4A3846FFF762FF40
:10A9600098B91E4B1B68DB0712D500BE03B0F0BDC3
:10A9700096F90030002BACBF8021002138462B46D1
:10A980002A46FFF74FFF0028EBD0012003B0F0BDAF
:10A99000002003B0F0BD94F90020002AACBF194696
:10A9A00080211A463846FFF73DFF0028D9D0012004
:10A9B000ECE71146084801931A4609F063F9064A84
:10A9C000019B8021EEE7054B1B68D907E0D500BE4F
:10A9D0001046CBE7406E0020546E0020F0ED00E002
:10A9E000034B0022C3E90022C3E902221A61704727
:10A9F000406E0020014B1861704700BF406E002080
:10AA00000346064A5968006810B41346002403C37D
:10AA1000C2E902445DF8044B704700BF406E00205D
:10AA200070B5424C2278C909B1EBD21F82B00646FC
:10AA300016D033B13E4B1B68DA0743D4002002B076
:10AA400070BD3C4B13B12146AFF300802369002B4E
:10AA500042D03046354A02219847012002B070BDED
:10AA600094F90020A068002A08DB0028E6D01A46E6
:10AA70003149019309F006F9A068019BE589E28854
:10AA80001D44ADB21844AA42A060E58101D03F2B1D
:10AA900025D8236923B1254A01213046984798B12A
:10AAA00094F9002000239A42ACBF80211946304619
:10AAB0001A46FFF7B7FE78B91D4B1B68DB07BDD5FB
:10AAC00000BEBCE700BEB9E70146304600F0F8FA28
:10AAD0003046802100F0F4FA012002B070BDA28956
:10AAE00094F90010531B9BB2402B28BF4023002930
:10AAF0000ADB95424FF0000112D00F4A3046FFF7B3
:10AB000091FE0028D8D0E7E795420BD001461A46BF
:10AB10000948019309F0B6F88021074A019BEDE747
:10AB20000A46EBE780210022E8E700BF406E0020E4
:10AB3000F0ED00E000000000546E002042DF70479E
:10AB400043DF704744DF704712DF70472C4B5B6870
:10AB5000C3F3080313B9EFF310839BB1294B93F8A8
:10AB6000D820002A36D1012283F8D8200260BFF312
:10AB70006F8FBFF34F8F244A904227D0043A904200
:10AB800024D07047214A53681B06E7D5802110B4B2
:10AB9000C2F88410BFF34F8FBFF36F8F194B93F838
:10ABA000D840E4B9012283F8D8200260BFF36F8F48
:10ABB000BFF34F8F144A90421DD0043A90421AD0EE
:10ABC000124B80225A605DF8044B7047002283F8D4
:10ABD000D8207047014601220D48FFF77DBD516026
:10ABE000C2F88410BFF34F8FBFF36F8F93F8D84034
:10ABF000002CF4D1D6E7002283F8D820E0E700BF8C
:10AC000000ED00E0946E00205070024000E100E092
:10AC10004DAB0200704700BF014B80225A60704765
:10AC200000E100E0074BD3F80014D3F80024002023
:10AC30000A434FF48001C3F80024C3F85801C3F855
:10AC40000413704700700240F0B488788D88CC7887
:10AC5000424FC10900F07F0202EB42034E00DB00CD
:10AC60000E4403EB86033B4404F00304C5F30A05DA
:10AC7000012C1D812BD0012303FA02F5B9B138490B
:10AC800002329340C1F80433D1F810352B43C1F898
:10AC90001035334B40F48072C3F81805C3F80C2507
:10ACA000BFF36F8FBFF34F8F0120F0BC70472C4C68
:10ACB00002F10C06B340C4F80433D4F8143502F59D
:10ACC00094722B43C4F8143544F82210E1E7082AA3
:10ACD00008D0244B186810F00100E6D000BE002018
:10ACE000F0BC7047E9B9B7F8D4301BB11C4B8022D7
:10ACF000C3F81C251A4A0023C2F85031D2F8003399
:10AD000013F4001308BFC2F85431154B4FF440122E
:10AD1000C3F80423D3F8142542F48072C3F8142531
:10AD2000B7E7B7F8C8200E4B0021C3F82C1112B1B9
:10AD30008022C3F81C250A4AD2F8003313F400130A
:10AD400008BFC2F85431064B074AC3F80423D3F8AE
:10AD5000102542F48072C3F810259AE7946E002003
:10AD600000700240F0ED00E000082000214B80223E
:10AD7000F0B4C3F88420BFF34F8FBFF36F8F1E4A28
:10AD80001E4E0D21012500231D4CA1F10A004FEAA2
:10AD9000810C05FA01F7644405FA00F001313843EB
:10ADA0001429C6F808036360A362C2E90033C2E94C
:10ADB0000233C2E9043302F11802E5D11149124A03
:10ADC000C6F80823C6F81C35C1F8C0307362C1F854
:10ADD000C430B364C1F8C830C6F81455C1F8CC30DB
:10ADE000C6F81055C1E93433024B80225A60F0BCDA
:10ADF000704700BF00E100E0AC6E00200070024030
:10AE0000D06F0240946E00200008300001F07F00F7
:10AE1000F0B54FEA400CCE090F460CEB000571006F
:10AE20009D4CED00314405EB810104EB010E6250B5
:10AE3000002283B0AEF80430AEF80620002832D1EC
:10AE4000002B39D1954BD3F88034C3F3C0139E4205
:10AE500032D0934B5B68C3F30803002B4DD1EFF363
:10AE60001083002B49D18F4B5A68150645D5802297
:10AE7000C3F88420BFF34F8FBFF36F8F94F8D810BF
:10AE8000002940F0E980884A012384F8D830136013
:10AE9000BFF36F8FBFF34F8F002384F8D830814BFF
:10AEA00080225A603AE04EB963199A7A002A40F03B
:10AEB0008580012003B0F0BD002E40D0844404EB17
:10AEC000CC0400EB8003618A228AA58AE468521AC6
:10AED0009B0092B203F1804303F51C337349C3F81E
:10AEE0000046AA4228BF2A4601EB8000C3F8042688
:10AEF000FFF72CFE012003B0F0BD94F8D83003F02A
:10AF0000FF02002B42D16849012384F8D8300B603E
:10AF1000BFF36F8FBFF34F8F84F8D820604B5A6810
:10AF2000C2F30802003218BF012200230092184623
:10AF300039461A46FFF748FB012003B0F0BD584BD5
:10AF40005B68C3F308033BBBEFF3108323BB554B94
:10AF50005A68100620D58022C3F88420BFF34F8F93
:10AF6000BFF36F8F94F8D810002977D1504A01238E
:10AF700084F8D8301360BFF36F8FBFF34F8F002377
:10AF800084F8D830474B80225A6092E70122464924
:10AF90004848FFF7A1FBC1E794F8D83003F0FF025F
:10AFA000002B5DD14249012384F8D8300B60BFF3F8
:10AFB0006F8FBFF34F8F84F8D8207AE708289E72EE
:10AFC0002ED1364BD3F8C024D1033FF572AFD4F85D
:10AFD000C0003349C3F8A007C3F8A4274B68C3F3E4
:10AFE0000803002B42D1EFF31083002B3ED12D4BF1
:10AFF0005A6812063AD58022C3F88420BFF34F8FD7
:10B00000BFF36F8F94F8D81000293CD12A4A01234E
:10B0100084F8D8301360BFF36F8FBFF34F8FB1E761
:10B0200065591E499A8800F5947400EB800651F822
:10B030002440DB88D21A93B2A4B201EB86011F4AE6
:10B04000C1F80057A34228BF2346C1F8043702EBDA
:10B050008000FFF77BFD2CE75A6009E75A607BE729
:10B06000012213491348FFF737FB22E794F8D83041
:10B070005BB9114A012384F8D8301360BFF36F8F96
:10B08000BFF34F8F15E75A60B6E701220A49094816
:10B09000FFF722FB0DE700BF946E00200070024016
:10B0A00000ED00E000E100E050700240047002405A
:10B0B0004C7002404DAB02004870024028700240C4
:10B0C000F8B511F07F0314D0082B0DD01C4C41F4BF
:10B0D0008072C909C4F8182506D103EB4302194D43
:10B0E000D200A818867A66B9BFF36F8FBFF34F8F6F
:10B0F000F8BD134B01225A65BFF36F8FBFF34F8F1B
:10B10000F8BD03F59476817254F826608188B0F812
:10B1100006C0AF580C48A1EB0C018AB2B5B203EBE4
:10B12000830C04EB8C04AA4228BF2A46C4F800779B
:10B1300000EB8300C4F80427FFF708FDD4E700BF45
:10B1400000700240946E00202870024011F0770FCA
:10B1500012D00A4B41F48072C3F80C15C3F80C25C9
:10B16000CA09C3F8181504BF01F5947143F82120EA
:10B17000BFF36F8FBFF34F8F704700BF0070024067
:10B180002DE9F04F8C4B8D4CD3F80003002387B092
:10B190001E461F46012520FA03F11A19C9074FEA76
:10B1A000820209D5116839B105FA03F117600E431F
:10B1B000BFF36F8FBFF34F8F0133192BEBD1F7071D
:10B1C00000F1CE81DFF80C82350508D57A4BD3F833
:10B1D000A83601229BB2A8F8D23088F8D720B40252
:10B1E00014D5754BD3F81425D00500F11082D3F88F
:10B1F0001025D00540F1F08198F8D730002B40F0B1
:10B200001282012203210020FFF7F0F871021FD5FE
:10B21000694BD3F8004404F4E062C3F80024E2056B
:10B2200000F1EA81670510D5634B0122C3F80825B8
:10B230009A65D3F8002312F4001208BFC3F8542112
:10B240005D4B4FF40012C3F80423A50500F1CE8135
:10B2500034022BD5584BD3F88024D2B28DF810206D
:10B26000D3F88414C9B28DF81110D3F888048DF87E
:10B270001200D3F88C048DF81300D3F890048DF8E5
:10B280001400D3F894048DF81500D3F898048DF8C1
:10B290001600D3F89C348DF81730500601D10529DB
:10B2A00004D0012204A90020FFF760F9444B334089
:10B2B0004BB198F8D830002B40F03C81414B1B68D3
:10B2C000DA0700F1AE81DFF80C91DFF8ECA0DFF8CF
:10B2D00008B1C8464D46002410E0224408EBC202E3
:10B2E0000123D188A980D2880093002318463946CB
:10B2F000FFF76AF9082F45D00134183504F10C0323
:10B3000026FA03F3DB07E7B2F4D504EB84030AEB78
:10B3100083032968D3F808376200DBB21019194497
:10B3200008EBC0002960C1889BB2194489B2082C7F
:10B33000C180D2D029899942CFD1C388A9889942A6
:10B34000CBD9002FD6D1204B5B68C3F30803002B69
:10B3500040F07282EFF31083002B40F06D821B4BA4
:10B360005A68100640F168828022C3F88420BFF337
:10B370004F8FBFF36F8F98F8D810002900F08E829E
:10B380005A60F2E7124B3340002B00F0C3800A4BA7
:10B39000D3F86C74C3F86C74BFF36F8FBFF34F8F27
:10B3A00016F4806640F0B980CDE90266024EDFF8FF
:10B3B0002CA000241CE000BF00700240409C001044
:10B3C000FCFB1F00F0ED00E000ED00E000E100E01C
:10B3D00000040001946E00204C700240019C00109B
:10B3E000002C00F0AD81072D3BD0013409F1180984
:10B3F00027FA04F304EB840C04EB4402D90706EBB0
:10B400008C0C08EBC202E5B2EAD5DCF80836D9F8B4
:10B410000C10DBB201EB030EC9F80CE0518A0B44AF
:10B420009BB25382518AB9F810B004EB0A008B45E5
:10B430004FF000034FEA800045F080017ED9538A27
:10B44000B9F81420CCF800E6ABEB030B1FFA8BF332
:10B45000934228BF1346CCF80436FFF777FB072D3D
:10B46000C3D1FB0371D4039B002B6ED1BE0309D55E
:10B47000B8F81E20B8F81C30934200F26681012310
:10B4800088F822307D0309D5B8F83620B8F8343072
:10B49000934200F20181012388F83A303C0309D538
:10B4A000B8F84E20B8F84C30934200F21F810123C7
:10B4B00088F85230F80209D5B8F86620B8F8643038
:10B4C000934200F25981012388F86A30B90209D504
:10B4D000B8F87E20B8F87C30934200F262810123F4
:10B4E00088F882307A0209D5B8F89620B8F89430F6
:10B4F000934200F26B81012388F89A303B0209D510
:10B50000B8F8AE20B8F8AC30934200F27481012351
:10B5100088F8B23007B0BDE8F08FD3F88024D3F8B4
:10B52000803483F08003C3F3C0130393C2F3C013CA
:10B5300002933BE7002388F8D830C4E60120528A02
:10B5400000901846FFF740F84DE7B8F80620B8F825
:10B550000430934200F2DF80012388F80A3085E747
:10B56000BE4BBF4ADFF83083BE4800240125C2F835
:10B570001455C2F81055546094625C609C629C60E3
:10B58000DC62DC601C631C615C635C619C639C61CD
:10B59000DC63DC611C6454629464C2F85841D2F8E4
:10B5A0000034D2F800140B43C2F80034D2F8003350
:10B5B000C2F808332146C2F804034046DC2208F0F2
:10B5C00085FB40232A4621462046A8F81430A8F8D7
:10B5D0000830FEF79BFFF7E54FF40012C3F808238D
:10B5E000032101220020FEF701FF0FE601220521C1
:10B5F0000020FEF7FBFE2BE60122C3F82C250421D8
:10B600000020FEF7F3FE67057FF51FAE0CE6D3F8CA
:10B61000C024D10314D5D3F81035DF057FF5F1AD83
:10B62000EAE500BE4FE600240121B8F8D2200091DF
:10B6300023462046882188F8D740FEF7C5FFE0E57D
:10B64000D8F8C0008849C3F8A007C3F8A4274B68FE
:10B65000C3F30803002B34D1EFF310838BBB834B70
:10B660005A6812062DD58022C3F88420BFF34F8F6D
:10B67000BFF36F8F98F8D81000297BD17C4A012343
:10B6800088F8D8301360BFF36F8FBFF34F8F774BBD
:10B6900080225A60724BBEE7714AD8F83040D2F827
:10B6A000A814B8F83600C2F828471B1A9BB289B212
:10B6B0008B4228BF0B46C2F82C376E48FFF746FA7C
:10B6C000ECE698F8D830002B40F0AA80684A0123B5
:10B6D00088F8D8301360BFF36F8FBFF34F8F604B84
:10B6E000D3F81035DC053FF587AD8AE55C4AD8F81C
:10B6F0004840D2F8AC14B8F84E00C2F83C471B1AC8
:10B700009BB289B28B4228BF0B46C2F840375A48D9
:10B71000FFF71CFACEE6524AD8F80040D2F8A0143F
:10B72000B8F80600C2F800471B1A9BB289B28B42D8
:10B7300028BF0B46C2F804375048FFF707FA95E6D2
:10B74000029B002B3FF451AE5FE6454AD8F8184003
:10B75000D2F8A414B8F81E00C2F814471B1A9BB202
:10B7600089B28B4228BF0B46C2F818374448FFF70E
:10B77000EDF987E65A6077E7394AD8F86040D2F8A1
:10B78000B014B8F86600C2F850471B1A9BB289B2D1
:10B790008B4228BF0B46C2F854373A48FFF7D6F918
:10B7A00094E62F4AD8F87840D2F8B414B8F87E005E
:10B7B000C2F864471B1A9BB289B28B4228BF0B4662
:10B7C000C2F868373048FFF7C1F98BE6244AD8F849
:10B7D0009040D2F8B814B8F89600C2F878471B1A0F
:10B7E0009BB289B28B4228BF0B46C2F87C372748F0
:10B7F000FFF7ACF982E61A4AD8F8A840D2F8BC1490
:10B80000B8F8AE00C2F88C471B1A9BB289B28B42C3
:10B8100028BF0B46C2F890371D48FFF797F979E625
:10B82000012213491B48FEF757FF0D4BD3F8103583
:10B83000DD053FF5E1ACE4E498F8D83003F0FF0211
:10B84000002B3BD1012388F8D830CBF80030BFF370
:10B850006F8FBFF34F8F88F8D8204DE504700240FA
:10B86000007002400514C00100ED00E000E100E0BE
:10B87000487002403070024034700240287002402C
:10B880002C700240387002403C7002404070024010
:10B89000447002404DAB0200946E0020012388F8F2
:10B8A000D830CBF80030BFF36F8FBFF34F8F00233A
:10B8B00088F8D830044B80225A601DE50122594691
:10B8C0000248FEF709FF17E500E100E04DAB02007A
:10B8D00030B5012883B000F09B8053D302283CD1BF
:10B8E000B44BD3F80435002B40F0CB80B14AD2F8EA
:10B8F00000341C05FBD54FF40063C2F80034BFF3DD
:10B900006F8FBFF34F8FAC4AAC4B12681B68082A8D
:10B9100000F0CB80A749AA4A80230120C1F81C353A
:10B92000C1F80403C2F884315360A64D43F2040405
:10B930004FF080432268AA4211D0D3F80C14D3F8F8
:10B940000C24D003F6D5CA07F4D59A4B0122C3F8CC
:10B950000425BFF36F8FBFF34F8F03B030BD02AA32
:10B96000002102F8041D1046FFF7EEF89DF80400D0
:10B970000028E2D010460191FFF7E4F8019A002A6E
:10B98000D8D0E2E78B4BD3F80025002AE5D14FF45D
:10B9900080014FF40062C3F80813C3F80024BFF31A
:10B9A0006F8FBFF34F8F844B1B68082B00F0AC8068
:10B9B000804B0122C3F80025BFF36F8FBFF34F8F79
:10B9C00043F2040203F18D5303F57723126803F267
:10B9D000DB539A4200F0BF804FF08043D3F80C2431
:10B9E000D3F80C34D90301D5D207B6D443F20402FC
:10B9F000744B12689A4200F00C81734B00221A605B
:10BA00001B6801934FF08043012201991A60A4E75B
:10BA1000684BD3F80025002A9FD00022C3F80425E4
:10BA2000BFF36F8FBFF34F8F65498020C1F884004B
:10BA3000BFF34F8FBFF36F8FD3F80013C3F8081312
:10BA4000C3F80025BFF36F8FBFF34F8F43F204019C
:10BA500003F18D5303F57723096803F2DB53994211
:10BA600000F08E80594B01221A60594B5A68C2F37C
:10BA70000802003218BF012202210020FEF7B6FCA6
:10BA80006BE743F204024F4B12689A4200F0AC801D
:10BA90004FF08043D3F80C24D3F80C34DB037FF54C
:10BAA00025AFD5077FF522AF57E7032B09D8494AC1
:10BAB0001168002979D1484C49F275301060216035
:10BAC00010605A1E022A10D8424A1168002964D117
:10BAD000424D3948394B00681B6849F2753414608F
:10BAE0002960146008287FF415AF032B3FF612AFCE
:10BAF0003B493C4B40F2E370402208601A60BFF3C0
:10BB00006F8FBFF34F8F05E72C4B1B685A1E022A1D
:10BB100012D8304B1A68002A40F08D802F4949F224
:10BB2000753203201A6008601A60234A234B12689A
:10BB30001B68082A7FF43CAF032B3FF639AF254B37
:10BB40001A68002A73D1244949F27532C0201A605C
:10BB500008601A602CE702AB002203F8042D184697
:10BB6000FEF7F2FF9DF8041000293FF435AF1846A8
:10BB70000192FEF7E7FF019B002B7FF4EEAE35E765
:10BB800002A800F8042DFEF7DFFF9DF80430002B1B
:10BB90003FF468AFFEF7D4FF67E70749074B0F4A4A
:10BBA00008681B68002111609CE70B4A00211160A6
:10BBB00087E700BF00700240300100103401001020
:10BBC00000E100E0DBE5B15100010040040000406D
:10BBD00000ED00E000EC064014EC064014ED0640D9
:10BBE000007802400478024002AB002203F8042DE2
:10BBF0001846FEF7A9FF9DF8041000293FF448AF4E
:10BC000018460192FEF79EFF019B002B7FF4A5AE24
:10BC10006CE602A8002300F8043DFEF795FF9DF8AE
:10BC20000430002B3FF4E9AEFEF788FF95E6044BA5
:10BC3000C0221A60BCE6034B03221A6075E700BFFE
:10BC400014EC064014ED064008B50020FDF71AFE7E
:10BC500020B9034B1B68DB0700D500BE08BD00BF41
:10BC6000F0ED00E0FDF708BEC378828803F0030022
:10BC70000228C2F30A021DD013D801280FD10229CD
:10BC800040F2FF3308BF4FF48063934211D20E4B52
:10BC9000186810F001000CD000BE00207047002092
:10BCA000704702290CBF4FF4806340239342EED3C8
:10BCB00001207047022902D0402AE8D8F8E7B2F5FF
:10BCC000007FE4D1F4E700BFF0ED00E00A449142C8
:10BCD00016D230B44C78052C05D00C7821448A4219
:10BCE000F8D830BC70478C7804F07F0500EB450530
:10BCF000E4092B550C7821448A42EBD830BC7047BC
:10BD0000704700BF10B5012182B00A2005F08AFDFE
:10BD100001210A2005F00AFE642002F075FE0123CD
:10BD200000933C220221094801F0E6FB28B90849AA
:10BD3000084802F0CDFD00F0C3F9044C204601F0A4
:10BD40008BFE0023236102B010BD00BF706F002086
:10BD5000F05F03002863002000210A2005F0E6BD03
:10BD600010B584B00A4C0B4B0B4A02934FF0FF33D3
:10BD7000CDE900322046094B4022802101F0CCFA67
:10BD8000074A0849204604B0BDE8104007F042B910
:10BD9000706F0020A0860100801A06000870002045
:10BDA0000060002071D30200704700BF10B5044648
:10BDB00004F08CFF204610BD08B500F0E3F8FFF753
:10BDC000A1FF0021092005F02DFD084B5B6A1F2B08
:10BDD00086BF03F01F03064A4FF0A04203F5E0734D
:10BDE0004FF4003142F8231008BD00BF786703000C
:10BDF0000003005038B5084D084C284602F062FC9C
:10BE000029462046012201F08BFF2046044A0549BD
:10BE1000BDE8384007F0FEB8F46F0020DC6F00206A
:10BE200000600020A9BD02002DE9F04383B000F0BE
:10BE3000C9F857EC106B00F0EDF8444C59EC108B3E
:10BE400000F012F9002520468DED000B01F004FEF4
:10BE500032463B463E492561204602F069FD9DED94
:10BE6000000B3C4953EC102B204602F061FD42468A
:10BE70004B463949204602F05BFD304639460022E8
:10BE8000364B07F019FDF0B13549204602F038FD78
:10BE90002046344902F034FD33492C4802F030FD8D
:10BEA00032492A4802F02CFD002005F05BFD0128F4
:10BEB00004462F4B10D000221A70322003B0BDE888
:10BEC000F04302F0A1BD2B49204602F019FD2046A7
:10BED000284902F015FDDFE71A782AB302F088FD41
:10BEE000254B1B6841F28832C31A9342E5D900F012
:10BEF0005DF8FFF731FF22460021204801F024FFC2
:10BF00001F4802F087FAB9211D4802F0CBFA054616
:10BF1000A8B921460B2005F085FC29460B2005F029
:10BF200005FD05F0B7FAFCE7187002F061FD124B51
:10BF30001860322003B0BDE8F04302F065BD104840
:10BF400002F0AEFA0D4801F0B5FDB6E7706F0020C3
:10BF50000C600300246003003C60030000001240FA
:10BF6000546003006C600300846003009C60030065
:10BF7000047000203860030000700020DC6F002097
:10BF8000F46F002008B50121032005F04BFC0121CE
:10BF90000A2005F047FC0121032005F0C7FC012120
:10BFA0000A20BDE8084005F0C1BC00BF08B500216B
:10BFB000032005F0BBFC01210A20BDE8084005F084
:10BFC000B5BC00BFD0B5002005F056FB0A2002F03A
:10BFD0001BFD002600270A24002005F04DFB07F07A
:10BFE00061F902460B463046394607F01FF806460F
:10BFF00005200F4602F008FD013CEDD130463946E0
:10C000000022034B07F0C8F941EC100BD0BD00BF74
:10C010000000203FD0B5002005F02EFB0A2002F0E2
:10C02000F3FC002600270A24002005F025FB07F07A
:10C0300039F902460B463046394606F0F7FF064608
:10C0400005200F4602F0E0FC013CEDD130463946B8
:10C050000022034B07F0A0F941EC100BD0BD00BF4C
:10C060000000203F00000000D0B5002005F004FBD8
:10C070000A2002F0C9FC002600270A24002005F04F
:10C08000FBFA07F00FF902460B463046394606F038
:10C09000CDFF064605200F4602F0B6FC013CEDD16F
:10C0A0003046394604A3D3E9002307F075F941EC83
:10C0B000100BD0BDAFF300801F85EB51B81E153FAC
:10C0C00008B5642002F0A0FCFBE700BF704700BF8A
:10C0D000203002F073BC00BF203002F061BC00BF12
:10C0E000203002F071BC00BF38B5437F0BB900208F
:10C0F00038BD00F1680420460D4602F06DFC0028B2
:10C10000F5D12046294602F039FC012038BD00BF98
:10C110002DE9F0475AB30646DFF8588033681B68AC
:10C120004D1E434517464FF0000400F1680915F80D
:10C1300001AF16D1737F13B92046BDE8F08748469A
:10C1400002F04AFC0028F7D15146484602F016FC9E
:10C150000134A742F0D0336815F801AF1B6843459E
:10C16000E8D05146304698470028F1D1E4E714461C
:10C17000E2E700BFE9C0020010B4837E1F2B4FF03E
:10C18000010288BF03F01F03C27603F5E0738CBF82
:10C19000284A4FF0A04240F20C6142F82310437E3F
:10C1A0001F2B86BF03F01F03224A4FF0A04203F566
:10C1B000E07340F20C6142F8231003694FF0CC7237
:10C1C000C3F8242503690622C3F800250369827E8B
:10C1D000C3F808250369427EC3F80C2590F918308E
:10C1E000002B14DA144A03F00F031A446023137669
:10C1F00090F91830002B07DB104903F01F000122D3
:10C200005B09824041F823205DF8044B70475909CF
:10C21000603103F01F030124084A04FA03F342F8D3
:10C22000213090F91830002BDCDB1344602283F8B6
:10C230000023DDE700030050FCEC00E000E100E03B
:10C24000C37EE3B10E4B026910B499424FF0000473
:10C25000C2F8004510D90B4B994294BF4FF0806152
:10C260004FF0C86103695DF8044BC3F824150369F6
:10C270000622C3F8002570474FF0CC71F2E77047F3
:10C28000A086010090D0030010B50446683084F801
:10C29000B01002F081FB0123637710BD70B5026915
:10C2A00090F8B01000234377C2F888150269C2F8ED
:10C2B0000431036901261E62036900F16805044622
:10C2C000C3F84455284602F079FB2369C3F84805B2
:10C2D00023699E60236902E0D3F824211AB9D3F8B8
:10C2E0005021002AF8D00022C3F85021284602F03D
:10C2F00065FB236918BB0022C3F860212369012272
:10C300005A612269D2F80431002BFBD00021C2F817
:10C3100004112369D3F8240160B1C3F824112369FF
:10C32000D3F8C404C3F8C404022803D0042814BFFB
:10C330000420032070BDD3F82421002ADBD1D3F8D8
:10C340006021002AF7D0D6E770B5294C6369D3F88D
:10C350006421002A3AD1D3F86821E2B9D3F8042144
:10C3600062B1227F0021C3F804113AB1D4F8B82099
:10C37000D3F83C0520660AB190476369D3F82421BD
:10C3800042B10022C3F82421D3F8D024C3F8D0242A
:10C3900001225A6170BD0022C3F868211548227736
:10C3A0000123637702F0F8FAD4F8B43003B1984768
:10C3B00063691048C3F844050023637702F0FEFA6E
:10C3C00063690122C3F848055A63C7E7002204F1F4
:10C3D0002006C3F8642101253046257702F0DCFAF7
:10C3E00063694022C3F83465C3F838251D63B2E79A
:10C3F000087000207070002070B5294C6369D3F874
:10C400006421002A3AD1D3F86821E2B9D3F8042193
:10C4100062B1227F0021C3F804113AB1D4F8B820E8
:10C42000D3F83C0520660AB190476369D3F824210C
:10C4300042B10022C3F82421D3F8D024C3F8D02479
:10C4400001225A6170BD0022C3F868211548227785
:10C450000123637702F0A0FAD4F8B43003B198470F
:10C4600063691048C3F844050023637702F0A6FA15
:10C4700063690122C3F848055A63C7E7002204F143
:10C480002006C3F8642101253046257702F084FA9E
:10C4900063694022C3F83465C3F838251D63B2E7E9
:10C4A000C47000202C7100202DE9F8431A4DDFF8EC
:10C4B00078901A4C1A4F284600264FF47A7840F8A4
:10C4C000209BC5E9016802F04FFA05F1680002F00F
:10C4D0004BFA03232B763B696B76C4E9016820464F
:10C4E000104B7A6940F8209BAA76C5E904336E7731
:10C4F00002F03AFA04F1680002F036FAD7E91021A6
:10C5000004204FF04023667720766176A276C4E956
:10C510000433BDE8F88300BF08700020C470002019
:10C520007867030000300040BC600300002929DB6D
:10C5300030B4B0F90C408C4222DD002A20DBB0F987
:10C540000E4094421CDD847E022C4BD0032C43D041
:10C55000012C18D0012B2ED01BD3022B10D1002A76
:10C560000489C06A1346B8BFD31DDB1013FB041146
:10C5700002F00702445C012303FA02F262404254D3
:10C5800030BC704770470489D24314440A4621B234
:10C59000E0E7002A0489C06A1346B8BFD31DDB1048
:10C5A00013FB041102F00704435C0122A24023EABA
:10C5B00002034354E4E7002A0489C06A1346B8BF63
:10C5C000D31DDB1013FB041102F00702445C0123AE
:10C5D000934023434354D3E74489013C641A1146F2
:10C5E00022B2B7E704894589D243013C2A44611A43
:10C5F00012B209B2AEE700BFF8B50446806A0D4634
:10C6000068B394F83010FFF73FFEA06A036800217A
:10C610001B689847A36A2F1D01261A6815F8011B8D
:10C620001268184690470136BD42B6B212D0A36ACE
:10C630003F2E1846F1D1FFF731FE94F83010A06A72
:10C64000FFF722FEA06A036800211B6898470126B5
:10C65000A36AE2E7A06ABDE8F840FFF71FBE226CBC
:10C66000216D136823EA010313602E1D04E005F019
:10C6700097FAB54200F09A80606A15F8011B00280D
:10C68000F5D1D4E90E23A06C176811F0800F0CBF10
:10C6900027EA0000384310601868E76C38431860D8
:10C6A0001868E76C20EA070018601768A06C11F0A2
:10C6B000400F0CBF27EA0000384310601868E76C91
:10C6C000384318601868E76C20EA0700186017689C
:10C6D000A06C11F0200F0CBF27EA00003843106057
:10C6E0001868E76C384318601868E76C20EA0700A0
:10C6F00018601768A06C11F0100F0CBF27EA00003B
:10C70000384310601868E76C384318601868E76CA5
:10C7100020EA070018601768A06C11F0080F0CBF22
:10C7200027EA0000384310601868E76C3843186047
:10C730001868E76C20EA070018601768A06C11F011
:10C74000040F0CBF27EA0000384310601868E76C3C
:10C75000384318601868E76C20EA0700186017680B
:10C76000A06C11F0020F0CBF27EA000038431060E4
:10C770001868E76C384318601868E76C20EA07000F
:10C78000186011F0010FA06C116814BF084321EA72
:10C79000000010601A68E16C0A431A601A68E16CC4
:10C7A000B54222EA01021A607FF466AFF8BD00BF0D
:10C7B0002DE9F041847EBDF81850022C7AD0032C6C
:10C7C00073D0012C07D0002A03DBB0F90A40944251
:10C7D0007BDCBDE8F0810489D243224412B2002AF6
:10C7E000F7DBB0F908609642F3DD0029BEBF5B18A5
:10C7F00000211BB2B0F90A700C461C44BC42C4BFF5
:10C800007B1A1BB2002BE4DDC9B2CC08D0F82CC0D7
:10C8100016FB042211F00701DBB20CEB020721D05A
:10C82000C1F10801CCB2C349A342095D80F0768111
:10C83000A4EB030EFF2646FA0EF6012D01EA0601CF
:10C8400000F0FC81C0F00082022DC2D11CF8026011
:10C8500071400CF80210A342BBD3B0F908201B1B97
:10C86000DBB21744072B11D9022D00F0F481002D03
:10C8700014BFFF2400241A463C70083AB0F908108F
:10C88000D2B2072A0F44F7D803F00703002BA0D039
:10C89000A94A012DD35C00F0F581C0F0EE81022D94
:10C8A00097D13A7853403B7093E744891944611A11
:10C8B00009B294E746890489D2433244194412B23A
:10C8C000611A002A09B280DA83E70029BEBF5B182B
:10C8D0001BB20021B0F908405E18A642C4BF631A1B
:10C8E0001BB2002B8E467FF774AF002A1646B8BFE6
:10C8F000D61DF1104FF0010CC76A02F0070214FBBD
:10C9000001E60CFA02F26545D2B207EB060100F02F
:10C910001581C0F08380022D7FF45BAF9BB24C4247
:10C920005D1E04F00304ADB2E01C85420FFA85FCE5
:10C9300048D3002C00F0AA81B85DA3F1020C50404E
:10C94000012CB8550FFA8CFC01F1010813D048787E
:10C95000A3F1030C5040032C48700FFA8CFC01F13A
:10C96000020808D18878A3F1040C5040887001F1C6
:10C9700003080FFA8CFC4FF0000E62F3070E181B31
:10C98000A11962F30F2E86B27B1862F3174E62F381
:10C990001F6EB7081C1F002054F8041F013085B219
:10C9A0008EEA0101AF4243F8041BF5D826F00303D9
:10C9B0009BB2ACEB030C9E420FFA8CFC08EB03011C
:10C9C0003FF407AF0B781FFA8CF05340441E0B70F6
:10C9D000A4B2BCF1000F3FF4FCAE4D78831E55406D
:10C9E0004D709BB2002C3FF4F4AE8D78C41E5540C0
:10C9F0008D70A4B2002B3FF4ECAECB785340CB70DB
:10CA0000002C3FF4E6AE0B79042883EA02030B7195
:10CA10003FF4DFAE4B795A404A71DAE69BB24842A6
:10CA20005C1E00F00300A4B2C51CD243AC425FFA06
:10CA300082FC22B243D3002800F02C81BC5D9A1EF8
:10CA40000CEA04040128BC5512B201F1010E11D008
:10CA50004C78DA1E0CEA040403284C7012B201F17F
:10CA6000020E07D18C781A1F0CEA04048C7001F1B5
:10CA7000030E12B24FF000086CF3070881191B1A5D
:10CA80006CF30F2839449EB26CF317486CF31F689F
:10CA9000B7080C1F002054F8043F013085B208EAA3
:10CAA0000303AF4241F8043BF5D826F003039BB2E1
:10CAB000D21AB34212B20EEB03013FF48AAE0B78E6
:10CAC00090B20CEA0303441E0B70A4B2002A3FF498
:10CAD00080AE4A78831E0CEA02024A709BB2002C98
:10CAE0003FF477AE8C78C21E0CEA04048C7092B2CC
:10CAF000002B3FF46EAECB780CEA0303CB70002A18
:10CB00003FF467AE0B7904280CEA03030B713FF482
:10CB100060AE4B790CEA03034B715AE6012D00F02D
:10CB20008D80C0F09180022D3FF490AE1B1BDBB2D4
:10CB3000374497E6CC650300D46503009BB24C42B2
:10CB4000581E04F0030480B2E51C85420FFA80FCF5
:10CB500048D8002C00F09C80B85DA3F1020C104373
:10CB6000012CB8550FFA8CFC01F1010E13D0487856
:10CB7000A3F1030C1043032C48700FFA8CFC01F155
:10CB8000020E08D18878A3F1040C1043887001F1DB
:10CB9000030E0FFA8CFC4FF0000862F30708A1198E
:10CBA0001B1B62F30F2839449EB262F3174862F3ED
:10CBB0001F68B7080C1F002054F8043F013085B2ED
:10CBC00048EA0303AF4241F8043BF5D826F00303DB
:10CBD0009BB2ACEB030C9E420FFA8CFC0EEB0301F4
:10CBE0003FF4F7AD0B781FFA8CF01343441E0B7023
:10CBF000A4B2BCF1000F3FF4ECAD4D78831E154399
:10CC00004D709BB2002C3FF4E4AD8D78C41E1543EB
:10CC10008D70A4B2002B3FF4DCADCB781343CB7006
:10CC2000002C3FF4D6AD0B79042843EA02030B71C4
:10CC30003FF4CFAD4B791A434A71CAE51CF8026044
:10CC400031430CF8021006E61CF8026026EA0101E6
:10CC50000CF80210FFE51A463978C9433970083AD2
:10CC6000B0F90810D2B2072A0F44F5D813F0070321
:10CC70003FF4AFAD084AD35C13E63A7822EA0303E7
:10CC80003B70A6E53A7813433B70A2E5884672E60E
:10CC90008E4680E78E46EDE6D465030038B504463F
:10CCA000806A0D46002800F0B580A16DFFF7C8FA34
:10CCB000A06A002D0CBFA625A725002840F08A8079
:10CCC000226C216D1368606A23EA01031360002857
:10CCD00076D1A26BA06C1168E36B014311601968F7
:10CCE000E06C014319601968E06C21EA00011960E9
:10CCF0001168A06C21EA000111601968E06C014321
:10CD000019601968E06C21EA000119601168A06CD3
:10CD1000014311601968E06C014319601968E06C07
:10CD200021EA000119601168A06C21EA000111607C
:10CD30001968E06C014319601968E06C21EA000190
:10CD400019601168A06C21EA000111601968E06C9B
:10CD5000014319601968E06C21EA0001196011684B
:10CD6000A06C014311601968E06C014319601968F7
:10CD7000E06C21EA000119601168A06C01431160A8
:10CD80001968E06C014319601968E06C21EA000140
:10CD900019601068A16CA62D14BF014320EA01019F
:10CDA00011601A68E06C616C02431A601A68E06CEA
:10CDB00022EA00021A60626D0B6813430B6038BDF3
:10CDC000294604F0EDFEA06AC0B1E16DBDE838402F
:10CDD000FFF736BA94F83010FFF756FAA06A0368E6
:10CDE00000211B689847A06A036829461B6898477A
:10CDF000A06AFFF753FAA06A0028E6D1626C616D61
:10CE00001368606A0B4313600028D8D0BDE838402F
:10CE100004F0C0BE626A3AB104F16403104693E8BC
:10CE2000060004F053FEA06A626C616D136823EA89
:10CE3000010313603DE700BF2DE9F041857EBDF899
:10CE40001860022D00F00B81032D00F00381012DED
:10CE500054D0002950DBB0F908708F424CDD002A15
:10CE6000BEBF9B1800221BB2B0F90A5014461C44E6
:10CE7000AC42C4BFAB1A1BB2002B3DDDD2B2D4080A
:10CE8000D0F82CC017FB041112F00702DBB20CEB38
:10CE9000010521D0C2F10802D4B2C64AA342125DF4
:10CEA00080F07B81A4EB030EFF2747FA0EF7012EDB
:10CEB00002EA070200F0FF81C0F00382022E1BD1BC
:10CEC0001CF801707A400CF80120A34214D3B0F989
:10CED00008201B1BDBB21544072B00F2CC805BB192
:10CEE000B54A012ED35C00F00A82C0F00382022E04
:10CEF00002D12A7853402B70BDE8F08104891A448E
:10CF0000A21A12B20029F7DBB0F90A408C42F3DD15
:10CF1000002ABEBF9B181BB20022B0F908409F1820
:10CF2000A7421546C4BFA21A13B2002BE4DD0029A4
:10CF3000C76A0846B8BFC81DC21001F0070001212A
:10CF4000814014FB0252012EC9B207EB020000F02F
:10CF50003581C0F0A380022ECED11FFA83F844425F
:10CF600008F1FF3504F00304ADB2E31C9D422EB27C
:10CF700046D3002C00F0CB81BB5CA8F102064B40ED
:10CF8000012CBB5436B200F1010E11D04378A8F148
:10CF900003064B40032C437036B200F1020E07D15A
:10CFA0008378A8F104064B40837000F1030E36B27B
:10CFB0004FF0000C61F3070CA8EB0408224461F366
:10CFC0000F2CBB181FFA88F861F3174C61F31F6C24
:10CFD0004FEA98071C1F002054F8042F013085B237
:10CFE0008CEA0202AF4243F8042BF5D828F0030381
:10CFF0009BB2F61A984536B20EEB03003FF47CAFB5
:10D000000378B4B24B40621E037092B2002E3FF41C
:10D0100073AF4578A31E4D4045709BB2002A3FF484
:10D020006BAF8578E21E4D40857092B2002B3FF4C5
:10D0300063AFC3784B40C370002A3FF45DAF037900
:10D04000042C83EA010303713FF456AF437959403E
:10D05000417151E74489C943214409B252E7048927
:10D060004589C94321441A4409B2AA1A002912B2B7
:10D07000BFF6F1AE40E7022E00F02A81002E14BF69
:10D08000FF24002419462C700839B0F90820C9B2D1
:10D0900007291544F7D803F0070320E71FFA83F8A0
:10D0A000444208F1FF3504F00304ADB2E31CC94368
:10D0B0009D42C9B22EB246D3002C00F02481BB5C45
:10D0C000A8F102060B40012CBB5436B200F1010C52
:10D0D00011D04378A8F103060B40032C437036B2FD
:10D0E00000F1020C07D18378A8F104060B4083708D
:10D0F00000F1030C36B24FF0000E61F3070EA8EBFF
:10D100000408224461F30F2E3A441FFA88F861F3B1
:10D11000174E61F31F6E4FEA9807141F002054F852
:10D12000043F013085B20EEA0303AF4242F8043BEC
:10D13000F5D828F003039BB2F61A434536B20CEB40
:10D1400003003FF4D9AE0378B4B20B40621E037003
:10D1500092B2002E3FF4D0AE4578A31E0D4045702C
:10D160009BB2002A3FF4C8AE8578E21E0D40857060
:10D1700092B2002B3FF4C0AEC3780B40C370002ABC
:10D180003FF4BAAE0379042C03EA010303713FF4C0
:10D19000B3AE437919404171AEE6012E00F08B80A9
:10D1A000C0F08F80022E3FF48BAE1B1BDBB23D44E0
:10D1B00092E600BFCC650300D46503001FFA83F834
:10D1C000454208F1FF3405F00305A4B2EB1C9C4274
:10D1D00026B246D3002D00F09880BB5CA8F1020671
:10D1E0000B43012DBB5436B200F1010C11D0437832
:10D1F000A8F103060B43032D437036B200F1020C75
:10D2000007D18378A8F104060B43837000F1030C67
:10D2100036B24FF0000E61F3070EA8EB05082A4462
:10D2200061F30F2E3A441FFA88F861F3174E61F349
:10D230001F6E4FEA9807141F002054F8043F013076
:10D2400085B24EEA0303AF4242F8043BF5D828F01A
:10D2500003039BB2F61A984536B20CEB03003FF479
:10D260004BAE0378B4B20B43621E037092B2002E31
:10D270003FF442AE4578A31E0D4345709BB2002A91
:10D280003FF43AAE8578E21E0D43857092B2002BD2
:10D290003FF432AEC3780B43C370002A3FF42CAE88
:10D2A0000379042C43EA010303713FF425AE43796B
:10D2B0001943417120E61CF801703A430CF8012033
:10D2C00003E61CF8017027EA02020CF80120FCE5D5
:10D2D0001A462978C9432970083AB0F90810D2B221
:10D2E000072A0D44F5D813F007033FF405AE094AA9
:10D2F000D35CFEE52A7822EA03032B70FCE52A784A
:10D3000013432B70F8E58446F5E6844681E78646AC
:10D310004EE600BFD46503002DE9F041079F9DF95B
:10D320001880104E04461D4604F0EAFF0E4B0F49CC
:10D33000A7654FF0FF304FF48072002D08BF1D46E7
:10D34000089FC4F83300002384F837806166A4F88E
:10D350006820E765A56226606362E3622046BDE857
:10D36000F08100BF806503000870002000093D00C7
:10D3700010B50446C06A034B236008B101F078FB86
:10D38000204610BD80650300836A70B50A46002BF5
:10D3900040F09B80046C066D2368456A23EA06030F
:10D3A0002360002D40F08C80D0E90E13846C0D6852
:10D3B000160654BF25EA04042C430C601C68C56C97
:10D3C0002C431C601C68C56C24EA05041C600D68B5
:10D3D000846C560654BF25EA04042C430C601C6878
:10D3E000C56C2C431C601C68C56C24EA05041C60D9
:10D3F0000D68846C960654BF25EA04042C430C6027
:10D400001C68C56C2C431C601C68C56C24EA0504B0
:10D410001C600D68846CD60654BF25EA04042C43B6
:10D420000C601C68C56C2C431C601C68C56C24EA2D
:10D4300005041C600D68846C160754BF25EA0404BB
:10D440002C430C601C68C56C2C431C601C68C56CAC
:10D4500024EA05041C600D68846C560754BF25EA55
:10D4600004042C430C601C68C56C2C431C601C68B5
:10D47000C56C24EA05041C600D68846C960754BFD3
:10D4800025EA04042C430C601C68C56C2C431C600A
:10D490001C68C56C24EA05041C6012F0010F846C42
:10D4A0000A6814BF144322EA04040C601A68C16CB1
:10D4B0000A431A60C16C1A6822EA01021A6070BD40
:10D4C0002846BDE8704004F06BBB04460D46184684
:10D4D00094F83010FEF7D8FEA06A036800211B689C
:10D4E0009847A06A036829461B689847A06ABDE868
:10D4F0007040FEF7D3BE00BF2DE9F0430E46B0F9F1
:10D500000A1004461F46CB1D85B048BF01F10E032B
:10D51000B4F90890C06A9DF83080DB10154609FB0D
:10D5200003F9002800F01F824A46002106F0CEFBD6
:10D53000B4F90A20B4F90810202A00F3D78001209A
:10D54000203A73394FF0200C029002EBD272732014
:10D5500001EBD171CDE9000CA34B204642F34F0201
:10D5600041F34F0104F0E8FEA06A84F8316000281E
:10D5700000F0D780002D40F0E981B4F90A30202B6B
:10D5800014BF3D253C2584F83050B8F1000F40F021
:10D59000E481002F00F0FF8094F93700002817DBAA
:10D5A000012104F03FF9012194F9370004F0BEF99C
:10D5B000012001F029FA002194F9370004F0B6F9AE
:10D5C0000A2001F021FA012194F9370004F0AEF9A4
:10D5D000A06A002840F0DF80606A28B104F164038B
:10D5E00093E8060004F072FA626C616D136823EA36
:10D5F000010313607D492046FEF7FEFFA17A013941
:10D60000C9B22046FFF7C0FE79492046FEF7F4FF75
:10D6100094F93130012B14BF142110212046FFF75B
:10D62000B3FE74492046FEF7E7FFA368724A8F21D4
:10D63000934284F860100CD002F50012934200F07F
:10D640009A816E4A934200F0AE816D4A934200F097
:10D650009C810225DA212046FFF796FE29462046C6
:10D66000FFF792FE81212046FFF78EFE94F86010AE
:10D670002046FFF789FED9212046FFF785FE94F961
:10D680003130012B204614BFF1212221FFF77CFE0F
:10D69000A06A002800F09E8094F83010594FFEF7E1
:10D6A000F3FDA06A036800211B689847A36ABE1DAA
:10D6B00001251A6817F8011B1268184690470135B2
:10D6C000B742ADB26BD0A36A3F2D1846F1D1FEF739
:10D6D000E5FD94F83010A06AFEF7D6FDA06A036855
:10D6E00000211B6898470125A36AE2E70120403A20
:10D6F00052394FF0400C029002EBD272522001EBF3
:10D70000D171CDE9000C404B204642F34F0241F36A
:10D710004F0104F011FEA06A84F8316000287FF404
:10D7200029AF012194F93500384D04F07BF801212F
:10D7300094F9360004F076F894F9353055F8233032
:10D740001F2B00F240810122314902FA03F394F9C0
:10D750003620236555F8222021641F2A00F22D81EE
:10D7600001232B4893404FF0A0416365D1F8042575
:10D770006064606A1343C1F80435002800F02F810B
:10D78000B8F1000F40F02581002F7FF405AFA06AAB
:10D7900000283FF421AFA16DFEF752FD2AE7A06AF1
:10D7A000FEF77CFDA06A30B1E16DFEF749FD012076
:10D7B00005B0BDE8F083626C616D1368606A0B436D
:10D7C0001360002800F0EB8004F0E4F9012005B0BC
:10D7D000BDE8F083226C216D13680A4D23EA010332
:10D7E0001360AE1D1AE000BF98630300DC65030000
:10D7F000E0650300E4650300800020006000100085
:10D8000040002000E8650300D8600300786703004B
:10D810000405005004F0C4F9B542C3D0606A15F89D
:10D82000011B0028F6D1D4E90E23A06C176811F073
:10D83000800F0CBF27EA0000384310601868E76CBF
:10D84000384318601868E76C20EA0700186017680A
:10D85000A06C11F0400F0CBF27EA000038431060A5
:10D860001868E76C384318601868E76C20EA07000E
:10D8700018601768A06C11F0200F0CBF27EA000099
:10D88000384310601868E76C384318601868E76C14
:10D8900020EA070018601768A06C11F0100F0CBF89
:10D8A00027EA0000384310601868E76C38431860B6
:10D8B0001868E76C20EA070018601768A06C11F080
:10D8C000080F0CBF27EA0000384310601868E76CA7
:10D8D000384318601868E76C20EA0700186017687A
:10D8E000A06C11F0040F0CBF27EA00003843106051
:10D8F0001868E76C384318601868E76C20EA07007E
:10D9000018601768A06C11F0020F0CBF27EA000026
:10D91000384310601868E76C384318601868E76C83
:10D9200020EA0700186011F0010FA06C116814BF05
:10D93000084321EA000010601A68E16C0A431A608B
:10D940001A68E16C22EA01021A6065E76DB284F898
:10D950003050B8F1000F3FF41CAEFEF70DFC002F65
:10D960003FF415AF18E6484601F068F8E062002879
:10D970007FF4DAAD1CE794F93130012B14BFCF23CB
:10D980009F2384F86030122564E694F93130012B2E
:10D9900014BFCF23102384F8603012255AE60120EB
:10D9A00005B0BDE8F08394F93130012B14BFAF23EB
:10D9B000102384F8603002254CE6203A012393407E
:10D9C00022482349D1E6203B012202FA03F31F49F2
:10D9D000BDE604F037F8002F3FF4D9AEDCE50121B5
:10D9E00094F9330003F01EFF012194F9340003F091
:10D9F00019FF94F9333055F823201F2A1BD801232F
:10DA00001449934094F93420A36455F82220A1636B
:10DA10001F2A15D801230F4893404FF0A041E3641B
:10DA2000D1F80425E06322EA0303C1F80435002F8E
:10DA30003FF4ADAEB0E5203A012393400349E1E75E
:10DA4000203A0123934001480149E8E704080050C7
:10DA50000003005004050050B0F90A20D31D48BF50
:10DA600002F10E03B0F90820C06ADB1002FB03F2DA
:10DA7000002106F02BB900BF704700BF0368DB69C7
:10DA8000184700BF03681B69184700BF10B404683B
:10DA90006469A4465DF8044B604700BF03681B6AD5
:10DAA000184700BF10B40468646AA4465DF8044BCC
:10DAB000604700BF10B50446043000F009FB606900
:10DAC00018B103F003F90023636110BD08B50430F9
:10DAD00000F00EFB80F00100C0B208BD08B50430B4
:10DAE00000F002FB400A08BD43691BB1011D184646
:10DAF00000F0FEBD0120704760B5456983B0490262
:10DB0000043055B14FF40076134600960A4601469C
:10DB1000284600F045FE03B060BD4FF4007300F0EE
:10DB20003DFB003018BF012003B060BD60B5456902
:10DB300083B049025E02043045B1134600960A469E
:10DB40000146284600F02CFE03B060BD334600F0CD
:10DB500025FB003018BF012003B060BD60B54569EA
:10DB600083B04902043055B14FF400761346009655
:10DB70000A460146284600F0D3FD03B060BD4FF4CD
:10DB8000007300F047FB003018BF012003B060BDF8
:10DB900060B5456983B049025E02043045B1134661
:10DBA00000960A460146284600F0BAFD03B060BD63
:10DBB000334600F02FFB003018BF012003B060BDDA
:10DBC0000368064ADB699342014606D1406910B1F9
:10DBD000043100F08DBD012070471847E9DA0200DA
:10DBE000F0B50368114F1E6ABE4283B018D10446D7
:10DBF00040694902043448B14FF40075134600955A
:10DC00000A46214600F08CFD03B0F0BD20464FF4DB
:10DC1000007300F0FFFA003018BF012003B0F0BD20
:10DC2000334603B0BDE8F040184700BF5DDB02009B
:10DC3000F0B50368114F1E69BE4283B018D1044687
:10DC400040694902043448B14FF400751346009509
:10DC50000A46214600F0A4FD03B0F0BD20464FF473
:10DC6000007300F09BFA003018BF012003B0F0BD34
:10DC7000334603B0BDE8F040184700BFF9DA0200B0
:10DC8000F0B50568DFF844C0D5F814E0E64583B088
:10DC900017D1044640691E464902134676020434F1
:10DCA00030B10A460096214600F07AFD03B0F0BD7F
:10DCB0003346204600F072FA003018BF012003B04E
:10DCC000F0BDF44603B0BDE8F04060472DDB020034
:10DCD000F0B50568DFF844C0D5F824E0E64583B028
:10DCE00017D1044640691E464902134676020434A1
:10DCF00030B10A460096214600F012FD03B0F0BD97
:10DD00003346204600F086FA003018BF012003B0E9
:10DD1000F0BDF44603B0BDE8F040604791DB02007F
:10DD200038B5074B044640F8043B154600F026F88A
:10DD300004496574002321606361204638BD00BF3B
:10DD4000F86503003C66030070B50446043000F03B
:10DD500021F8A368054633B1DB7A5B0603D4637C04
:10DD60000BB163690BB1284670BD41F2040002F0AB
:10DD7000ABFF064600F0B6FC6661F4E730B4002560
:10DD80004FF0FF340122C0E900158460027330BCFB
:10DD9000704700BF0368002B00F0DD80F0B5174628
:10DDA0001A68054683B0184613680E4698472868D7
:10DDB00003685C6904239F210DEB0302A0479DF8D3
:10DDC00005107F2900F08680002E00F0B180002F22
:10DDD00040F33F819DF804209DF806C0002302E037
:10DDE0009F4240F3A28003EB430406EB840401331B
:10DDF000A0799042DBB2F3D1E0798842F0D1207A69
:10DE00006045EDD16C60002C00F09680E37A5F06EF
:10DE100020D46C462868036822465E6905210123E8
:10DE2000B0479DF80030DE07F4D46B68DB7A9806C3
:10DE30005CD52868036866211B69984728680368D1
:10DE400099211B699847904B4FF4F06043F0010310
:10DE500098476C68647A8D4A28688D49036802FB8C
:10DE600004F28A4228BF0A461146DB6898472868B0
:10DE700003689B6898476B68002843D0DA7A286863
:10DE8000510740D503685E69930640F1A9806C464E
:10DE9000224601230521B0479DF80020D5E9000363
:10DEA0009E7A164000F0A4801B68B3F1807F35D8BD
:10DEB000B3F1011F34BF02230323037128680368F1
:10DEC00004211B6998476B68DB7A5A0645D5012007
:10DED00003B0F0BD9DF806109DF807308DF80510D1
:10DEE0008DF80630002E7FF472AF21E028680368B9
:10DEF00022465E6935210123B0479DF90030002B91
:10DF0000F4DB96E72868DA7A9707CDD50B234371BF
:10DF1000D5E900031B68B3F1807FC9D90368B72135
:10DF20001B69984728680423C7E700246C606AE7E8
:10DF30006C68002C7FF46AAF9DF804309DF80620D1
:10DF4000C82B42D0012B18D1402969D000230020D2
:10DF50006B6003B0F0BD002070476C4601E003F039
:10DF600099FA2868036822465E6905210123B047B3
:10DF70009DF800309B07AAD0F1E7EF2B0DD1602967
:10DF800052D04029E2D1152A77D0162A73D0172A09
:10DF90006FD0182ADAD13F4C20E0042B0BD1032993
:10DFA00046D0272948D048294AD04929CED1032A2A
:10DFB000CCD1394C12E01F2BC8D1452944D084293B
:10DFC000C4D1012AC2D1354C08E04029BED1152A5E
:10DFD00057D0162A53D0172AB8D1314C6C6015E7A8
:10DFE0006C46224601233521B0479DF8002055E7B5
:10DFF000036806211B6998476B68ADF800609A7A40
:10E000008DF80120DB7A2868DE0625D4026899069F
:10E01000966929D5012319460DEB0302B04777E72E
:10E02000152A93D11F4CD9E7152A8FD11E4CD5E75D
:10E03000022A8BD11D4CD1E7032A87D11C4CCDE796
:10E04000032A83D11B4CC9E7012A7FF47FAF1A4C06
:10E05000C4E700236B606FE703689C6901230DEB45
:10E0600003023121A04753E7224602230121B04792
:10E070004EE7124CB2E7124CB0E7124CAEE7124C2E
:10E08000ACE7124CAAE700BF4067030040420F0014
:10E090000090D003E4660300146703002C670300BC
:10E0A000906603009C660300B4660300F0660300FC
:10E0B000FC6603000867030020670300D8660300BE
:10E0C000CC660300C0660300846603007866030024
:10E0D000036843B110B51A68044618465368984758
:10E0E0000023636010BD7047406800B1006870474E
:10E0F0004368DB7AC3F380130BB11846704710B541
:10E100000068036882B05C690DF1070201230521F4
:10E11000A0479DF8073013F0030F0CBF0123002325
:10E12000184602B010BD00BF70B5446882B01CB381
:10E13000E47AC4F38014FCB90546806800280E46D2
:10E140001FDB297B03F0F2FB6B68DB7A5A0618D5DC
:10E150002868036806211B6998472868036832030A
:10E16000DB69202198470446A868002804DB297B46
:10E1700081F0010103F0DAFB204602B070BD03F02C
:10E1800089F9286803680DF107025C6905210123FC
:10E19000A0479DF807309B07DAD0F0E72DE9F04162
:10E1A000466882B0F6B10446806800281D46904655
:10E1B0000F4603DB217B03F0B9FB6668F37A5A064E
:10E1C00016D52068036842461E6A39462B46B0477A
:10E1D0000646A068002804DB217B81F0010103F0E2
:10E1E000A5FB96B9002002B0BDE8F08103F052F91A
:10E1F000206803680DF107025E6905210123B0471D
:10E200009DF807309B07DCD0F0E7284602B0BDE858
:10E21000F08100BF2DE9F047476882B0002F5ED043
:10E220000546806800280E469046994603DB297B08
:10E2300003F07CFB6F68FB7AC3F38013002B31D1B2
:10E24000B9F1000F3FD04F46FBB1286803680621A3
:10E250001B699847F4B22868C4F580740268BC4210
:10E2600028BF3C46D2F824A0234642463146D04738
:10E27000002839D03F1BA044264424D06B68DB7AA9
:10E28000C3F38013E0E703F005F9286803680DF194
:10E2900007025C6905210123A0479DF807309B0711
:10E2A000D3D0F0E72868036806211B6998472868DF
:10E2B000036831465C6A42464B46A04728680368BB
:10E2C00004211B699847A868002804DB297B81F09A
:10E2D000010103F02BFB484602B0BDE8F087B946C8
:10E2E000484602B0BDE8F087A9EB0709EBE700BF9D
:10E2F000012070473D4B99425CD83D4B99425BD819
:10E300003C4B99425AD8A3F5C313A3F52063994215
:10E3100056D8A3F58213A3F2AB63994252D8A3F562
:10E320003A23313B99424FD8334B994250D8334B23
:10E3300099424FD8A3F5AD23A3F2E343994245D8C0
:10E34000A3F58E235E3B994246D8A3F56C33A3F523
:10E350003E73994242D82A4B994241D8A3F52B33B8
:10E36000A3F5347399423DD8264B99423CD8264BAD
:10E37000994217D8A3F5E533A3F5C873994288BF2E
:10E38000102310D80021214AD2F8003623F0704320
:10E3900023F0FF03C2F80036D2F800361943C2F862
:10E3A000001670470F235A1E01219140C9B241EA5D
:10E3B0000371E8E71649E6E70223F4E70323F2E7EF
:10E3C0000423F0E70523EEE70623ECE70923EAE759
:10E3D0000723E8E70823E6E70A23E4E70B23E2E75D
:10E3E0000C23E0E70D23DEE70E23DCE7FF23F40038
:10E3F000A9C2A200FF117A00FF083D00E2403600EA
:10E40000618F2500548D20007F841E000090024003
:10E4100001000010F0B5214B90F9061090F907208B
:10E4200053F8215053F8226090F9082090F90A70AF
:10E430000024214665F3070153F8225090F9092082
:10E4400066F30F2190F90B6053F8222053F8270050
:10E4500053F8263087B065F3174162F31F618DF8DA
:10E460000D300223CDE9044401948DF80C002246BE
:10E4700002918DF80F302146072301A803260A25B3
:10E480000F248DF80E608DF812508DF815408DF820
:10E49000163002F07FFD07B0F0BD00BF78670300C3
:10E4A00002F01EBE10B582B002A80024012300F8BD
:10E4B000081D224621468DF801308DF802308DF876
:10E4C0000330ADF8044002F0FFFD034BC01AB0FA70
:10E4D00080F0400902B010BD0000AD0B30B583B034
:10E4E00000258DF8001001330124294668468DF877
:10E4F0000130ADF804508DF802408DF8034002F071
:10E50000E3FD034BC01AB0FA80F0400903B030BD00
:10E510000000AD0B30B583B000258DF8001001333D
:10E52000114601242A4668468DF80130ADF80450A2
:10E530008DF802408DF8034002F0C6FD034BC01A6F
:10E54000B0FA80F0400903B030BD00BF0000AD0B51
:10E5500020290ED0D82901D000207047012008B50D
:10E56000114602F071FE044BC01AB0FA80F0400967
:10E5700008BD0020F3E700BF0000AD0BF0B512F0BE
:10E58000030783B014460E461D462AD1032D0FD92A
:10E5900025F0030739463246204602F015FE1D4B92
:10E5A000984202D0002003B0F0BD3C443E44ED1B35
:10E5B00015B9012003B0F0BD324601A8042102F0D4
:10E5C00003FE144B9842EDD104F00302C2F10402A1
:10E5D000AA4201A928BF2A46204605F053FB012084
:10E5E000E1E70A4601A8042102F0EEFD094B98423A
:10E5F000D8D1C7F10407AF4228BF2F4601A93A4638
:10E60000204605F03FFB002FCCD03C443E44ED1BA0
:10E61000BCE700BF0000AD0BF0B5144612F00302DA
:10E6200083B00F461D462FD1032D0FD925F00306C9
:10E6300031463A46204602F087FD214B984202D0EF
:10E64000002003B0F0BD34443744AD1B15B90120A0
:10E6500003B0F0BD04F00302C2F10402AA4228BFD5
:10E660002A464FF0FF33214601A8019305F00AFB2B
:10E670003A4601A8042102F067FD114BC01AB0FA16
:10E6800080F0400903B0F0BDC2F104069E4228BFED
:10E690001E4632464FF0FF33214601A8019305F094
:10E6A000F1FA3A4601A8042102F04EFD044B9842CB
:10E6B000C6D1002EC4D034443744AD1BB4E700BFEC
:10E6C0000000AD0B10B4044C0449054A8260C0E957
:10E6D00000415DF8044B704750670300036B181945
:10E6E0001A1B1C1D00F580534FF0FF321A60704753
:10E6F00070B500F5805633685A1C0FD00D4604469D
:10E70000190B2846FFF710FD4FF480532246284688
:10E710003168FFF77FFD4FF0FF333360012070BD9C
:10E720002DE9F04F83B00C9D0191A5B382461646AA
:10E730001F4600F5805BC6F30B08C8F5805426F42D
:10E740007F69DBF80030AC4229F00F0928BF2C4666
:10E750004B45264416D0190B013301980AD0FFF718
:10E76000E3FC4FF480535246DBF800100198FFF7AA
:10E7700051FD0198CBF8009049464FF48053524622
:10E78000FFF70CFD39460AEB0800224605F07AFA3D
:10E790002D1B2744CFD1012003B0BDE8F08F00BF6F
:10E7A0002DE9F84F074600F58050984604680A9E08
:10E7B000631C8946154605D094420CD804F5805355
:10E7C000AB420FD83346424629464846FFF7E6FC9F
:10E7D0000120BDE8F88F93199C42F3D204F58053D1
:10E7E000AB42EFD9641B20D4A6EB040ABAF5805FD4
:10E7F000A8BF4FF4805A08EB040B04B32946234604
:10E8000042464846FFF7CAFC002139445846524662
:10E81000544405F037FAA642DAD9331B08EB040258
:10E8200029194846FFF7BAFCD2E704F58051B142F6
:10E83000A8BF31468A46C34661420024E5E7214627
:10E84000E3E700BF08B501210E2002F0EBFF012134
:10E850000E2003F06BF80021162002F0E3FF0121E7
:10E86000192002F0DFFF0121192003F05FF80121D8
:10E870000B2002F0D7FF01210B2003F057F80121F4
:10E880000D2002F0CFFF01210D2003F04FF80121F0
:10E890000C2002F0C7FF01210C20BDE8084003F066
:10E8A00045B800BFF8B5174682B105460E460024AC
:10E8B00002E00134A74207D02B6816F8011B1B6841
:10E8C000284698470028F4D12046F8BD1446FBE7B7
:10E8D000036870B505460C465E6849B1084605F008
:10E8E0001FFF214602462846B0472B685E68044653
:10E8F000284602220149B047204470BDFC6703004E
:10E90000036870B505460C465E6849B1084605F0D7
:10E9100007FF214602462846B0472B685E6804463A
:10E92000284602220149B047204470BDFC6703001D
:10E930000EB430B5C2B045A9054651F8042B01917B
:10E940000B4602A84FF4807105F01EFF2B680446A9
:10E9500002A95B68284622469847204642B0BDE897
:10E96000304003B0704700BF08B54022002105F0D9
:10E97000ADF90022C0E9102208BD00BF10B4D0E9F3
:10E980001024531C03F03F039C4218BF81545DF8D0
:10E99000044B18BF036470470023C0E9103370476D
:10E9A000D0E91023934206D05A1CC35C02F03F0208
:10E9B0004264184670474FF0FF307047D0E910307E
:10E9C000181A48BF40307047D0E91023934214BF53
:10E9D000C05C4FF0FF307047D0E91030013303F0D6
:10E9E0003F03181AB0FA80F040097047FEE700BFF5
:10E9F00008B501F009F94FF47A72A0FB0223900ADE
:10EA000040EA835008BD00BF014638B54FF47A7222
:10EA100000238002890D04F059FF054601F0F4F847
:10EA20000446F8F755FC01F0EFF8001B854200D8CA
:10EA300038BD281ABDE8384001F00ABA10B50446BE
:10EA400001F060FC022804D02046BDE8104005F02B
:10EA500009B901F0D1F8204605F004F9044601F0A7
:10EA600071F90CB1204610BD02F026FDFAE700BF97
:10EA700010B5044601F046FC02280AD144B101F069
:10EA8000BBF8204605F0F6F8BDE8104001F05AB991
:10EA900010BD2046BDE8104005F0ECB810B50446A6
:10EAA00001F0AAF8204605F0DDF8044601F04AF925
:10EAB0000CB1204610BD02F0FFFC204610BD00BF87
:10EAC00050B110B5044601F097F8204605F0D2F891
:10EAD000BDE8104001F036B9704700BF38B51C469C
:10EAE0009DF8105043B3002908BF1A460123C4E91A
:10EAF0000F01226084F8463001F0CEFED4E90F13F6
:10EB00002268A26001FB03F1CB1A134400200A44DF
:10EB1000FF21A063E36084F84410626084F845102C
:10EB200004F1100002F040FF04F1240002F03CFF69
:10EB300001F0BCFE84F84C50204638BDF8B50746BD
:10EB400015460E4669B100FB01F05030FFF7A6FFF5
:10EB5000044690B3002200F1500380F84620036081
:10EB600007E05020FFF79AFF044630B384F8466070
:10EB70002460C4E90F7601F08FFED4E90F132268F8
:10EB8000A26001FB03F1CB1A134400200A44FF21C9
:10EB9000A063E36084F84410626084F8451004F1D7
:10EBA000100002F001FF04F1240002F0FDFE01F06C
:10EBB0007DFE84F84C502046F8BD00242046F8BD68
:10EBC0002DE9F04F044685B01D460192884601F0BC
:10EBD00063FEA26BE36BA84F4FF000099A424E46CA
:10EBE000C0F08B80022D00F006810198002800F013
:10EBF0003081B9F1000F00F0958001F057FE00F070
:10EC0000FBFF01F049FE94F84430FF2B08BF84F865
:10EC1000446094F84530FF2B08BF84F8456001F04C
:10EC200045FE01A902A801F015FB002840F018815B
:10EC300001F032FEA26BE36B9A4277D001F036FE10
:10EC400001F02AFE94F845304FFA83FABAF1000F2A
:10EC50001ADD636AC3B104F1240907E00AF1FF3346
:10EC6000DBB24FFA83FA7BB1636A6BB1484601F0BD
:10EC700097FA0028F2D001F025FB0AF1FF33DBB24E
:10EC80004FFA83FA002BEFD1FF2384F8453001F0CF
:10EC90000DFE01F001FE94F844304FFA83FABAF108
:10ECA000000F1ADD2369C3B104F1100907E00AF16E
:10ECB000FF33DBB24FFA83FA7BB123696BB148466D
:10ECC00001F06EFA0028F2D001F0FCFA0AF1FF33ED
:10ECD000DBB24FFA83FA002BEFD1FF2384F84430E4
:10ECE00001F0E4FD01F02EF801F0D6FDA26BE36B1C
:10ECF0009A424FF00109BFF475AF226CA66B002A4F
:10ED000040F0FC8025680136002D00F01881A663D4
:10ED1000636A002B40F08C8001F0C8FD012005B033
:10ED2000BDE8F08F02A801F089FA66E704F1100946
:10ED300001F0BCFD4846019901F0B6F901F0ACFDC7
:10ED400094F845A04FFA8AFABAF1000F1CDD636A05
:10ED5000D3B104F1240B08E00AF1FF3A5FFA8AF319
:10ED60004FFA83FA83B1636A73B1584601F018FA17
:10ED70000028F1D00AF1FF3A01F0A4FA5FFA8AF311
:10ED80004FFA83FA002BEED1FF2384F8453001F0CF
:10ED90008DFD01F081FD94F844304FFA83FABAF109
:10EDA000000F06DC15E00AF1FF33DBB24FFA83FAFD
:10EDB0007BB123696BB1484601F0F2F90028F2D02B
:10EDC00001F080FA0AF1FF33DBB24FFA83FA002B2D
:10EDD000EFD1FF2384F8443001F068FD00F0B2FF6A
:10EDE000002881D14FF080537B6040BFBFF34F8F2D
:10EDF000BFF36F8F78E7226CA66B002A82D0414662
:10EE0000E06804F03FFF236CE26821685B421A442B
:10EE10008A42E26080F0898062681344E360022DD8
:10EE200000F083800136A663636A002B3FF474AF61
:10EE300004F1240001F0B4F900283FF46DAF0E4B4B
:10EE40004FF080525A6040BFBFF34F8FBFF36F8FB8
:10EE500062E7009001F02AFD009805B0BDE8F08F50
:10EE600001F01AFD94F845506DB2002D18DD636A6B
:10EE7000B3B104F1240607E000ED00E0013DEBB280
:10EE80005DB26BB1636A5BB1304601F089F900286D
:10EE9000F4D0013D01F016FAEBB25DB2002BF1D1D6
:10EEA000FF2384F8453001F001FD01F0F5FC94F8F2
:10EEB00044506DB2002D16DD2369A3B104F1100694
:10EEC00005E0013DEBB25DB26BB123695BB1304649
:10EED00001F066F90028F4D0013D01F0F3F9EBB23E
:10EEE0005DB2002BF1D1FF2384F8443001F0DEFC49
:10EEF00000F028FF002005B0BDE8F08F41465DBB63
:10EF0000A06804F0BFFEA368216C62680B449342C2
:10EF100006F10106A360FFF4FAAEA663636A2268F5
:10EF2000A260002B3FF4F8AE82E7002E7FF4EFAE34
:10EF30000123A363636A002B3FF4EEAE78E76068B9
:10EF400001F032FAA663636A6560002B7FF470AF4C
:10EF500000287FF474AFDFE6E06804F093FE236CD2
:10EF6000E26821685B421A448A42E260BFF457AF0C
:10EF700052E700BFF8B50C4679B3002501232160A4
:10EF800081F84630C1E90F35064601F085FCD4E929
:10EF90000F322168A56303FB02F39A1A0A440B445B
:10EFA000FF27C4E90131E26084F8447004F11000E5
:10EFB00084F8457002F0F8FC04F1240002F0F4FC3F
:10EFC00001F074FCC4E90055E56084F84C602B4600
:10EFD0002A4629462046FFF7F3FD2046F8BD00BF2C
:10EFE0002DE9F0418C4682B004461746EFF31186B6
:10EFF000402282F31188806BE26B904221D3022B76
:10F0000005D0002086F3118802B0BDE8F08194F8A5
:10F010004550226CD4F838806DB252BB236808F199
:10F020000108002B4FD06B1CC4F8388037D0013555
:10F030006DB284F84550012086F3118802B0BDE816
:10F04000F08194F84550226CD4F838806DB2002AD3
:10F05000E4D073B9A06804F015FEA368216C62685F
:10F060000B44934208F10108A360DCD32368A3603A
:10F07000D9E76146E068019304F004FE206CE26881
:10F080002168019B404202448A42E26002D26268E7
:10F090001044E060022B10D008F10108C3E7636A56
:10F0A000002BC8D004F1240001F07AF80028C2D067
:10F0B000002FC0D001203860A4E7B8F1000F08BFCE
:10F0C0004FF00108AFE76068019301F06DF9019B13
:10F0D0006360A8E72DE9F047044684B088460192B2
:10F0E00001F0DAFBD4F83890B9F1000F40F09380CA
:10F0F000019B002B00F00A8102A801F09FF8B34F9A
:10F100004E4604F1240501F0D1FB00F075FD01F03D
:10F11000C3FB94F84430FF2B08BF84F8446094F894
:10F120004530FF2B08BF84F8456001F0BFFB01A903
:10F1300002A801F08FF8002840F0878001F0ACFBB6
:10F14000A36B002B40F0E88001F0B0FB019928464A
:10F1500000F0AAFF01F0A0FB94F845304FFA83F9C4
:10F16000B9F1000F06DC15E009F1FF33DBB24FFA0D
:10F1700083F97BB1636A6BB1284601F011F800286E
:10F18000F2D001F09FF809F1FF33DBB24FFA83F9B7
:10F19000002BEFD1FF2384F8453001F087FB01F00D
:10F1A0007BFB94F844304FFA83FABAF1000F1ADD72
:10F1B0002369C3B104F1100907E00AF1FF33DBB2A0
:10F1C0004FFA83FA7BB123696BB1484600F0E8FF40
:10F1D0000028F2D001F076F80AF1FF33DBB24FFAE3
:10F1E00083FA002BEFD1FF2384F8443001F05EFB5B
:10F1F00000F0A8FD00287ED14FF080537B6040BF17
:10F20000BFF34F8FBFF36F8F01F046FBD4F83890F8
:10F21000B9F1000F76D0226C52B1E16863681144F5
:10F220009942E16024BF2168E160404604F02AFD74
:10F2300009F1FF33A3632369002B40F0C98001F07B
:10F2400035FB012004B0BDE8F08701F025FB94F800
:10F2500045304FFA83F9B9F1000F06DC15E009F1EA
:10F26000FF33DBB24FFA83F97BB1636A6BB1284697
:10F2700000F096FF0028F2D001F024F809F1FF33E6
:10F28000DBB24FFA83F9002BEFD1FF2384F845302E
:10F2900001F00CFB01F000FB94F844304FFA83FAC4
:10F2A000BAF1000F1ADD2369C3B104F1100907E0B8
:10F2B0000AF1FF33DBB24FFA83FA7BB123696BB1FA
:10F2C000484600F06DFF0028F2D000F0FBFF0AF185
:10F2D000FF33DBB24FFA83FA002BEFD1FF2384F820
:10F2E000443001F0E3FA00F02DFD01F0D5FAA36BF4
:10F2F00063B101F0DBFA01F0CFFAD4F83890B9F13C
:10F30000000F88D1019B002B7FF4FDAE01F0CEFAF7
:10F31000002004B0BDE8F08701F0C8FA01F0BCFAA3
:10F3200094F845304FFA83F9B9F1000F06DC15E087
:10F3300009F1FF33DBB24FFA83F97BB1636A6BB13A
:10F34000284600F02DFF0028F2D000F0BBFF09F1A5
:10F35000FF33DBB24FFA83F9002BEFD1FF2384F8A0
:10F36000453001F0A3FA01F097FA94F844304FFACF
:10F3700083FABAF1000F1ADD2369C3B104F1100951
:10F3800007E00AF1FF33DBB24FFA83FA7BB123695E
:10F390006BB1484600F004FF0028F2D000F092FF65
:10F3A0000AF1FF33DBB24FFA83FA002BEFD1FF23D0
:10F3B00084F8443001F07AFA00F0C4FC01F06CFAF1
:10F3C000D4F83890B9F1000F9CD024E700ED00E0AC
:10F3D00004F1100000F0E4FE00283FF430AF054BCC
:10F3E0004FF080525A6040BFBFF34F8FBFF36F8F13
:10F3F00025E700BF00ED00E02DE9F043044685B0AD
:10F400000026019101F048FAA36BB24FB046354691
:10F41000002B40F0F380019B002B00F05D81B8F1E0
:10F42000000F00F0FC8001F041FA00F0E5FB01F074
:10F4300033FA94F84430FF2B08BF84F8445094F812
:10F440004530FF2B08BF84F8455001F02FFA01A981
:10F4500002A800F0FFFE00286CD101F01DFAA36B9A
:10F46000002B40F0E08001F021FA2368002B00F02F
:10F470003C8104F124094846019900F015FE01F091
:10F480000BFA94F845304FFA83F8B8F1000F06DC18
:10F4900015E008F1FF33DBB24FFA83F87BB1636A02
:10F4A0006BB1484600F07CFE0028F2D000F00AFF65
:10F4B00008F1FF33DBB24FFA83F8002BEFD1FF23C3
:10F4C00084F8453001F0F2F901F0E6F994F844309F
:10F4D0004FFA83F8B8F1000F1ADD2369C3B104F1C4
:10F4E000100907E008F1FF33DBB24FFA83F87BB174
:10F4F00023696BB1484600F053FE0028F2D000F0BB
:10F50000E1FE08F1FF33DBB24FFA83F8002BEFD1B5
:10F51000FF2384F8443001F0C9F900F013FC0028FF
:10F5200064D14FF080537B6040BFBFF34F8FBFF378
:10F530006F8F5BE001F0B0F994F845304FFA83F833
:10F54000B8F1000F1ADD636AC3B104F1240907E0C2
:10F5500008F1FF33DBB24FFA83F87BB1636A6BB11A
:10F56000484600F01DFE0028F2D000F0ABFE08F186
:10F57000FF33DBB24FFA83F8002BEFD1FF2384F87F
:10F58000453001F093F901F087F994F844304FFACF
:10F5900083F8B8F1000F1ADD2369C3B104F1100933
:10F5A00007E008F1FF33DBB24FFA83F87BB1236940
:10F5B0006BB1484600F0F4FD0028F2D000F082FE66
:10F5C00008F1FF33DBB24FFA83F8002BEFD1FF23B2
:10F5D00084F8443001F06AF900F0B4FB01F05CF902
:10F5E000A36B002B00F08A8001F060F901F054F960
:10F5F000A36B4FF00108002B3FF40DAF2268013BD5
:10F60000A363002A00F09E802369002B40F08980CC
:10F6100001F04CF90126304605B0BDE8F08302A8A0
:10F6200000F00CFEFFE601F041F901F035F994F825
:10F6300045304FFA83F8B8F1000F1ADD636AC3B1A1
:10F6400004F1240907E008F1FF33DBB24FFA83F835
:10F650007BB1636A6BB1484600F0A2FD0028F2D08E
:10F6600000F030FE08F1FF33DBB24FFA83F8002BD5
:10F67000EFD1FF2384F8453001F018F901F00CF9BF
:10F6800094F844304FFA83F8B8F1000F1ADD23697B
:10F69000C3B104F1100907E008F1FF33DBB24FFA00
:10F6A00083F87BB123696BB1484600F079FD0028EF
:10F6B000F2D000F007FE08F1FF33DBB24FFA83F817
:10F6C000002BEFD1FF2384F8443001F0EFF800F075
:10F6D00039FB8BE700ED00E0009301F0E7F8009BB9
:10F6E0001E46304605B0BDE8F08301F0D5F86068ED
:10F6F00000F018FE064601F0D9F8BAE601F0D6F897
:10F70000002E88D001F0C8F8616A19B1236B19681E
:10F71000C1F10501606800F073FE002601F0C6F833
:10F7200079E704F1100000F03BFD00283FF470AFD2
:10F73000064B4FF080525A6040BFBFF34F8FBFF36C
:10F740006F8F65E700F092FE60605DE700ED00E01E
:10F75000074B1A681AB19A6802B17047012210B4B7
:10F7600003EBC20443F8321060605DF8044B70474D
:10F770006C7E002070B505460C46164601F08CF8EC
:10F7800095F84430FF2B04BF002385F8443095F8EA
:10F790004530FF2B04BF002385F8453001F086F883
:10F7A000AB6B2BB93246214605F1240000F0B8FCC2
:10F7B00001F072F895F8454064B2002C16DD6B6AD2
:10F7C000A3B105F1240605E0013CE3B25CB26BB1E4
:10F7D0006B6A5BB1304600F0E3FC0028F4D0013CDA
:10F7E00000F070FDE3B25CB2002BF1D1FF2385F88D
:10F7F000453001F05BF801F04FF895F8444064B2F1
:10F80000002C16DD2B69A3B105F1100605E0013CC3
:10F81000E3B25CB26BB12B695BB1304600F0C0FC67
:10F820000028F4D0013C00F04DFDE3B25CB2002BA7
:10F83000F1D1FF2385F84430BDE8704001F036B8BF
:10F840002DE9F041044601F027F8344A344D13689D
:10F85000013313602B68002B2FD0324EE36A3268DD
:10F860002AB33148314907680A689F4238BF0360AC
:10F870002F48013203EB83030A6000EB8300E2634D
:10F88000211D02F0A1F801F011F833686BB12A686C
:10F89000E36AD26A9A4208D2264B4FF080525A60ED
:10F8A00040BFBFF34F8FBFF36F8FBDE8F0812A6871
:10F8B000D26A9A4298BF2C60D3E72C601368012B60
:10F8C00002D0E36A174ECCE71948DFF894801A4F4C
:10F8D000144E02F069F8194802F066F8184802F070
:10F8E00063F8184802F060F8174802F05DF84046E7
:10F8F00002F05AF8384602F057F8144802F054F86B
:10F90000134802F051F8134802F04EF8124B134A14
:10F91000C2F800801F60E36AA3E700BFF071002017
:10F9200080710020507200200472002000720020BC
:10F930008C71002000ED00E01C720020A0710020FE
:10F94000B4710020C8710020DC7100203C720020DE
:10F950006872002054720020887100208471002099
:10F96000087200202DE9F843DDE90964002C60D01D
:10F9700016B93046BDE8F8830D4697009846022335
:10F980003A4684F85130814626633046A52104F07A
:10F990009DF92A78236B84F83420043F2A781F4489
:10F9A00027F0070702B36B7884F835306B78DBB14A
:10F9B000AB7884F83630AB78B3B1EB7884F8373075
:10F9C000EB788BB12B7984F838302B7963B16B7974
:10F9D00084F839306B793BB1AB7984F83A30AB7944
:10F9E00013B1EB7984F83B30089D042D28BF042522
:10F9F0000026E5626564201D84F83B60A66401F082
:10FA0000DFFFC5F1050504F1180001F0D9FFE66438
:10FA100042464946A561246184F8506064623846D4
:10FA200000F0FEFE20602046FFF70AFF2046BDE8FA
:10FA3000F8832046BDE8F8832DE9F047960080461C
:10FA400030460D469946099FFFF728F8002869D0EF
:10FA500082465420FFF722F8044600285BD000239A
:10FA6000C0F830A03246504684F85130A52104F049
:10FA70002DF92A78236B84F83420043E2A781E441A
:10FA800026F0070A02B36B7884F835306B78DBB167
:10FA9000AB7884F83630AB78B3B1EB7884F8373094
:10FAA000EB788BB12B7984F838302B7963B16B7993
:10FAB00084F839306B793BB1AB7984F83A30AB7963
:10FAC00013B1EB7984F83B30089D042D28BF042541
:10FAD0000026E5626564201D84F83B60A66401F0A1
:10FAE0006FFFC5F1050504F1180001F069FFE66438
:10FAF000A561246184F8506064624A4641465046DC
:10FB000000F08EFE206007B13C602046FFF798FEB3
:10FB10000120BDE8F0875046FEF7D2FF4FF0FF30DE
:10FB2000BDE8F0874FF0FF30F3E700BF70B584B059
:10FB3000002503AA02A901A8CDE9015501F0BEFCE8
:10FB4000019C002C46D00298002843D0039E2063DD
:10FB50000223B600A521324684F8513004F0B6F8ED
:10FB6000236B1F4A6263201D84F83850043E84F8DA
:10FB70003B50E562C4E911551E4401F021FF04F138
:10FB8000180001F01DFF26F007060523A3612A4691
:10FB90001449E56430462461646284F8505000F0F2
:10FBA0003FFE20602046FFF74BFE0F4B1C6000F02D
:10FBB000DBFD012811D1402383F311880B490C4A46
:10FBC0000C4B4FF0FF340C6010601D6000F03EFEE7
:10FBD00004B070BD044B00221A6004B070BD00BFB9
:10FBE00049444C45D5FE020030720020347200209A
:10FBF000507200207C720020024A136801331360A7
:10FC0000704700BFFC710020014B1868704700BFAF
:10FC10007C720020024A136818441060704700BFCD
:10FC20007C7200202DE9F04F3B4B1B6883B0002B0A
:10FC300042D13A4B1F6801371F60002F4AD0384B22
:10FC400001931B68BB423BD8364EDFF8EC80DFF8EF
:10FC5000ECA0DFF8EC90002525E03368DB68DC6879
:10FC6000636804F1040B9F42584651D301F0D6FE5D
:10FC7000A36A04F118000BB101F0D0FEE36AD8F8D2
:10FC8000002003EB8300934259460AEB800088BFB3
:10FC9000C8F8003001F098FED9F80030E26ADB6A5B
:10FCA0009A4228BF012533681B68002BD5D1019AE1
:10FCB0004FF0FF33136004E01B4A136801331360F5
:10FCC00000251A4B1B68002B0CBF2846012003B0EF
:10FCD000BDE8F08F134E164B3168164A1868306035
:10FCE000196013680133136033681B683BB90C4B10
:10FCF00001931A464FF0FF3313601346A1E73368B0
:10FD0000074ADB680192DB685B681360134698E77B
:10FD1000019A1360D5E700BFFC7100207C720020BF
:10FD20003472002084710020F8710020807200205D
:10FD30008871002038720020047200208C7100202D
:10FD4000807100202DE9F04700F0A6FD354B1A68C0
:10FD5000013A1A601C68002C57D1334B1B68002BEA
:10FD600053D0DFF8E0A0314E314FDFF8DC90DFF800
:10FD7000DC80336813B3F368DC68251D04F11800D8
:10FD800001F04CFE284601F049FEE36A3A6803EBB5
:10FD900083009342294609EB800088BF3B6001F055
:10FDA00013FED8F80030E26ADB6A9A424FF0010392
:10FDB000DFD3CAF800303368002BDCD13CB11D4BD7
:10FDC0001A6812683ABB1C4B4FF0FF321A601B4D89
:10FDD0002C6844B10126FFF725FF08B1CAF800607E
:10FDE000013CF8D12C60DAF8003073B1144B4FF0BD
:10FDF00080525A6040BFBFF34F8FBFF36F8F012413
:10FE000000F054FD2046BDE8F087002400F04EFDD0
:10FE10002046BDE8F0871A68074BD268D26852685E
:10FE20001A60D4E7FC710020F07100203C720020C1
:10FE3000047200208471002034720020F8710020C8
:10FE400000ED00E0807200208C71002080710020A5
:10FE500070B548B9184B4FF080525A6040BFBFF39D
:10FE60004F8FBFF36F8F70BD144A15491368154E3D
:10FE7000013313600D6804463068043001F0CEFD94
:10FE8000336864195C600FD20F4B18683168043115
:10FE900001F0AAFD0D4B1A68944238BF1C60FFF7B1
:10FEA00051FF0028D6D070BD094B18683168043165
:10FEB00001F09AFDF3E700BF00ED00E0FC710020C7
:10FEC0007C72002080710020847100203472002038
:10FED000887100202DE9F84F3C4E3D4D3D4CDFF838
:10FEE0000891DFF80881DFF808B14FF0805A2368E5
:10FEF000D3B100F0D1FCF368DF68381D01F08EFD4E
:10FF00002B68013B2B602368013B236000F0CEFC93
:10FF100097F85130002B37D0012BE8D13846FEF747
:10FF2000CFFD2368002BE4D12B4B1B68012B06D996
:10FF3000CBF804A040BFBFF34F8FBFF36F8F00F02B
:10FF400041FED9F8003033BBD8F80030DB6A002B13
:10FF5000CDD1214B1B68012BC9D8204B204A1B68EF
:10FF600012689B1A012BC2D91E4A13680133136011
:10FF7000D9F80030BBB1D8F80030DB6A0BB9164BAA
:10FF80001B68FFF7DFFEB2E7386BFEF799FD3846D6
:10FF9000FEF796FDABE7D8F80030DB6A002BA6D160
:10FFA0000D4B1B68A3E7D8F80030DB6A002BE8D1C3
:10FFB000094B1B68012BE4D8084B1868084B1B68D9
:10FFC000C01A0128DDD900F0DDFCDAE768720020F4
:10FFD000F0710020F47100208C7100203472002038
:10FFE0007C720020FC7100200472002080710020CF
:10FFF00000ED00E0274B1B68002B40D1264A70B56E
:020000023000CC
:10000000264C13602268236812681B6B9A423AD907
:10001000234D24492A689300981880000858E0B9B5
:10002000561EB30098198000085830BB961EB300C6
:1000300098198000085800BBD61EB300981980009C
:100040000858D0B9161FB300981980000858A0B9F5
:10005000053A930098188000085813449B00CE1866
:1000600008337068406870600B44984204BF406871
:100070007060C36823602A6070BD3246EDE7064BAE
:1000800001221A60704720682168343101F012FAA9
:10009000BEE700BFFC71002080720020807100204C
:1000A000047200208C71002070B5174D2B680C462F
:1000B00003F1180101F098FC144B1E682868043005
:1000C00001F0ACFC631C17D02B68A4195C600BD248
:1000D0000F4B18682968043101F086FC0D4B1A6833
:1000E000944238BF1C6070BD0B4B18682968BDE88E
:1000F0007040043101F078BC296808480431BDE83B
:10010000704001F061BC00BF807100207C72002053
:100110008471002034720020887100205472002005
:1001200070B5194D2B680C46164603F1180101F005
:100130004BFC164B5EB11B682868043001F06EFC66
:10014000296813480431BDE8704001F03DBC1E68C9
:100150002868043001F062FC2B68A4195C600BD2A3
:100160000C4B18682968043101F03EFC0A4B1A68F0
:10017000944238BF1C6070BD084B18682968BDE800
:100180007040043101F030BC807100207C7200208E
:100190005472002084710020347200208871002085
:1001A00038B5C368DC6804F11805284601F036FC50
:1001B0001A4B1B682BBB251D284601F02FFC184A43
:1001C000E36A116817488B4288BF136003EB83030F
:1001D000294600EB830001F0F7FB134BE26A1B6832
:1001E000DB6A9A4282BF114B01201860104B1A68DB
:1001F000126898BF00204AB90E4B4FF0FF321A60C8
:1002000038BD29460C4801F0DFFBE6E71A68094BC8
:10021000D268D26852681A6038BD00BFFC710020F5
:10022000047200208C7100208071002080720020F8
:1002300084710020347200203C720020034A044B79
:1002400012681B68C0E90023704700BF38720020A5
:100250007C720020F8B50D46044600F01DFB2B68AB
:100260001649581C0A6813D0DFF854C0D4E900605E
:10027000DCF80070BE4201D090421AD9121A9342A3
:100280000BD800232B60012500F010FB2846F8BD99
:10029000002500F00BFB2846F8BDDCF800009B1A97
:1002A0000A682B60C4E90002002500F0FFFA284626
:1002B000F8BD012500F0FAFA2846F8BD7C7200204E
:1002C00038720020014B01221A60704780720020B2
:1002D000084B186860B9084B1B6853B9074A084BAC
:1002E00010681B68013B984214BF01200220704730
:1002F000002070473C720020807200205472002061
:10030000F0710020054B1B6833B1054B1B68002BB7
:100310000CBF02200020704701207047507200205F
:10032000FC71002018B3F8B51C4CC36A2268D26A6D
:10033000934214D28269002A04DB2268D26AC2F195
:1003400005028261164D426903EB830305EB8303CB
:100350009A420DD02368DB6AC3620120F8BD23688E
:10036000406CDB6A98422CBF00200120F8BD70472A
:10037000061D0746304601F051FB2268094BD06A42
:100380001A68F862904200D9186000EB800005EB13
:100390008000314601F018FB0120F8BD807100207B
:1003A0008C7100200472002050B138B5C16A836C92
:1003B000426C013B9142836400D01BB1002038BDE8
:1003C00000207047051D0446284601F027FB0A4A15
:1003D000636C1168E362C3F105008B42A0610748BA
:1003E00088BF136003EB830300EB8300294601F011
:1003F000EBFA012038BD00BF047200208C71002090
:1004000048B1426CC36A914238BF11468B4202D058
:10041000826C012A00D07047826970B5114DC162AB
:10042000002A03EB83034269A8BFC1F1050105EB74
:100430008303A8BF81619A4200D070BD061D0446A7
:10044000304601F0EBFA084BE06A1A68904288BF28
:10045000186000EB800005EB80003146BDE870407D
:1004600001F0B2BA8C71002004720020044B1A68AB
:100470001AB119688A6C01328A641868704700BF23
:10048000807100202DE9F04FAD4EDFF8C482AD4DF4
:1004900089B033681C68002C00F08E80DB681C6813
:1004A000FFF7AAFBFFF7B0FBD8F8003098420746E9
:1004B0005DD38442C8F8000040F20B810022E11BAA
:1004C0002868FFF757F9FFF73DFC88B99E4A4FF0BF
:1004D0008053536040BFBFF34F8FBFF36F8F07E070
:1004E000019B039920469847009B002B80F238819E
:1004F000286800226946FEF7EDFD0028C9D0009B60
:10050000029C002BECDB636913B1201D01F086FA1D
:10051000FFF77AFBD8F800309842814643D3009B1E
:10052000C8F80090092BE3D8012202FA03F313F470
:10053000047F69D113F0C70F40F0A1809B06D7D587
:1005400094F82C30002BD3D12046FEF7B9FACFE730
:10055000DB68DC68D3F800A004F10409484601F028
:100560005DFA636A20469847E369012B36D0336809
:100570001A68002AECD17549C8F800700A68326020
:100580000B60FFF7DFFBB3E7DB68DF68D3F800B091
:1005900007F1040A504601F041FA7B6A3846984751
:1005A000FB69012B25D033681A68002AECD1674912
:1005B0000A6832600B60B2E7FFF71EFBFFF724FB0F
:1005C000D8F8003083420746D1D8604BC8F8007095
:1005D0001B681A68B2FA82F2520970E7A3695344A1
:1005E0009A45494622D263602461306801F0FCF9E3
:1005F000BDE7BB695B449B45514627D27B603F61A9
:10060000306801F0F1F9CEE7019B246103EB0902A8
:100610004A45A36162602CD8002B3FF469AF4B4B75
:10062000211D186801F0E0F9286862E72B68002BAB
:100630009DD00023CDE9043A0694FFF763FE002322
:100640001A4604A92868FEF7BBFA90E72B68002B2E
:10065000A9D00023CDE9043B0697FFF753FE002302
:100660001A4604A92868FEF7ABFA9CE74B4500D967
:1006700098B13068211D01F0B7F9286839E7019B6E
:10068000A269246199182CBF0120002049456160AE
:10069000ECD8A9EB03039A42C1D8636A2046984775
:1006A000E369012B7FF424AF019BA26928681344FE
:1006B00000283FF41EAF0022CDE904230694FFF783
:1006C00021FE00231A4604A92868FEF779FA286853
:1006D0000FE7FFF737FB3368DB68D3F80C9009F1BD
:1006E000040A504601F09AF9D9F81C30012B04D0C5
:1006F000D9F8243048469847FAE6D9F81830C9F8AE
:100700001090E218BA42C9F8042004D95146306862
:1007100001F06AF9ECE73F1BBB421BD82B68002BAA
:10072000E6D00023CDE90434CDF81890FFF7EAFDB8
:1007300000231A4604A92868FEF742FAD8E700BF4A
:10074000847200200875002000ED00E0887200200F
:10075000B4740020034B5146186801F045F9C7E70F
:10076000029CD0E688720020F0B5204C89B000F0E1
:1007700093F82568FDB100F099F82068C8B100240D
:1007800007AA06A905A8CDE9054400F0A5FEDDE904
:1007900005300221CDE90010079A0293144915484B
:1007A0002346FFF7DFF8144A0346001B18BF012059
:1007B000136009B0F0BD114F114E384601F0F4F846
:1007C000304601F0F1F80F4A0F4900950F4B1760C2
:1007D0000E600F4A10212020FEF780F920600028CB
:1007E000C9D00C49FEF7B4FFC5E700BF087500206B
:1007F00008680300850403000C7500208C74002039
:10080000A07400208472002088720020B874002038
:100810008C72002000680300402383F31188FEE7F8
:1008200030B46FF002034FF08075074C40F8045C61
:1008300040F80C4C40F8081C40F8202C40F8243CB0
:1008400030BC4438704700BF190803000F4C08B58E
:10085000E02384F8223000F077F80D4B0D4A002198
:100860001960D4F8883043F47003C4F888305368B2
:1008700043F040435360236943F01003236100F0C9
:100880004FF9402383F31188FEE700BF00ED00E03D
:100890001075002030EF00E0402383F31188024AF6
:1008A000136801331360704710750020034A136802
:1008B000013B13600BB983F311887047107500205A
:1008C00041DF704712DF704770B51B4B00251D607C
:1008D00082B01B680193019BEFF31186402383F3E1
:1008E0001188164A164BD2F804451D601B68009308
:1008F000009BFFF789F9241A24F07F44012C0DD8BE
:1009000044B1FFF78FF9054625B10E4B4FF08052E9
:100910005A6040BF86F3118802B070BDFFF7F2FC49
:100920000228EED1013CFFF77DF9013C631C45EA4A
:100930000005F8D1E8E700BF401101400010014078
:100940000011014000ED00E00B4B0C4930B41F20BA
:100950000B4DC3F8080501220224E020C3F804234C
:100960002A601A60C3F8444381F811034FF400333E
:100970000B6030BC704700BF0010014000E100E098
:10098000081001402DE9F041804684B0EFF3108259
:1009900072B6584CA36883B9574B58480121A160DF
:1009A000D3F8801001402160C3F88000D3F8841090
:1009B00061604FF0FF31C3F8841002B962B6504E47
:1009C000D6F80475FFF784FC00283DD04D4A4E4907
:1009D000424528BF4246BB1823F07F430120002533
:1009E000C6F80803C6F840350D600B6801934FF454
:1009F00080330199C6F80433BFF34F8FB8F1000F6D
:100A000054D13F4B404D41494FF48030C3F8080367
:100A1000002028602D680395039D086009680291F5
:100A200001210298C3F80413D3F804353249DB1BC3
:100A300023F07F45954228BF15464FF40033012D22
:100A4000C1F8803111D827D0A3685BB1EFF31083D0
:100A500072B6294A21681160616851600022A26063
:100A600003B962B604B0BDE8F081681EFFF7D2F8A2
:100A7000274BDB68DA010FD5264A1368DB070BD555
:100A8000254B516803FB05F5A5F57425A5F51075F3
:100A9000AD0A01EB85155560FFF7C4F80028D3D0E7
:100AA0001E4B4FF080525A6040BFCDE7F1EE103A36
:100AB00023F09F03E1EE103AF1EE103A0E4B04A83A
:100AC0004FF480614026C3F88461C3F8841100F8B4
:100AD000045DFFF7F7FE9DF80C1039B920BFD3F87D
:100AE0000001D3F804110143F8D08AE7FFF7E8FECC
:100AF00087E700BF807E002000E100E0FC06FFBD2C
:100B000000100140FDFFFF004011014000110140B5
:100B1000F0ED00E0001000E040420F0000ED00E0CA
:100B20000748006880F3088862B661B6BFF34F8F4C
:100B3000BFF36F8F4FF0E00080F3118800DF00BF3C
:100B400000700200064B19680868B0E8F04F80F3A7
:100B50000988BFF36F8F4FF0000080F31188704752
:100B600080710020EFF30980BFF36F8F144B1A6878
:100B70001EF0100F08BF20ED108A20E9F04F106022
:100B80004DF8043D4FF0400080F31188BFF34F8FC4
:100B9000BFF36F8FFFF72EFA4FF0000080F311883C
:100BA00008BC19680868B0E8F04F1EF0100F08BFC5
:100BB000B0EC108A80F30988BFF36F8F704700BFD5
:100BC00080710020704700BF0A490B4A0B4B9B1AEB
:100BD00003DD043BC858D050FBDC094809494FF0FD
:100BE000AD32026004300439FBD100F075FBF6F73A
:100BF0002FFB000054700300006000200C630020F5
:100C000000F8032000080000FEE7FEE7FEE7FEE72D
:100C1000FEE7FEE7FEE7FEE7FEE7FEE708B5002099
:100C2000F6F750FBFBF7C8F80E4B43B10E4B7BB108
:100C3000FBF7FAF800F02EFCAFF30080F8E7FBF7C3
:100C4000F3F800F027FCFBF7EFF800F023FCF6E7E1
:100C5000FBF7EAF800F01EFCFBF7E6F800F01AFCE0
:100C6000F6E700BF000000000000000000B583B000
:100C700000F0BAFCFDF7E6FD0E4B019301234FF4A3
:100C800080620D4900930D480023FEF7D5FE4FF416
:100C9000407000F073FCFEF749FFBFF34F8F084927
:100CA000084BCA6802F4E0621343CB60BFF34F8F76
:100CB00000BFFDE714750020106803001D0C030041
:100CC00000ED00E00400FA05FDF7B8BEFDF7D0BE68
:100CD000084A094908B513681844884202D81060C8
:100CE000184608BD02F080FF0C2303604FF0FF336D
:100CF000184608BD1061002000F80320114B1A7837
:100D0000EAB90178104810B40A464FF0804402F066
:100D10000102C1F34001C4F88015C4F878250268C7
:100D2000D20706D4E021012280F80013C0F8802108
:100D30000260012205481A705DF8044B70470448B0
:100D4000704700BF7C7E002000E100E00000AD0B9A
:100D50000C00AD0B0268074B4FF0804010B400212F
:100D60004FF46074C0F80843196002B11A605DF86E
:100D7000044B7047207500204FF080434FF46072A1
:100D8000C3F80423704700BF10B54FF0804386B00E
:100D9000D3F80443620705D5D3F8082103F584731B
:100DA000002A4ED1A30603D52A4B1A68002A3FD148
:100DB000600603D5284B1A68002A2FD1210602D5D8
:100DC000264B1A680ABBE20502D5254B1A6892B970
:100DD000A3050ED5234B1A685AB100221A601A686F
:100DE000214B0592059A1B68022006B0BDE8104011
:100DF000184706B010BD00221A601B4A1B680493F6
:100E000001201368049A9847E2E700201860164A08
:100E10001B6803931368039A9847D4E700221A606B
:100E2000124A1B68029301201368029A9847C5E78B
:100E3000002018600D4A1B6801931368019A9847B7
:100E4000B6E700221A600A4A1B6800931368009AEA
:100E50009847A7E714010040180100401C0100401A
:100E60002001004024010040207500201C75002056
:100E7000187500202DE9F041054641486B780024A3
:100E800016460460D9B19A1E072A18D8DFE802F086
:100E90006E70620A0464697500220879394C024355
:100EA000C4F83C26CA781206887842EA004248789C
:100EB00042EA0022097833480A43C0F83826314A0A
:100EC000A878E978304FDFF8B8800124C2F80843E9
:100ED0001B0243EA003328780343287943EA41336D
:100EE000697943EA803343EAC1332743C2F8343691
:100EF000642402E0B847013C3CD0D8F800304FF4FD
:100F00002070002BF6D00023C8F8003076B16B7843
:100F10001C4A023BD2F83C16D2F83826072B05D8DB
:100F2000DFE803F01412100E0D0B09071748BDE897
:100F3000F0810B0EF3710B0CB3710B0A73713171ED
:100F4000130EF370130CB370130A737032700F48E2
:100F5000BDE8F0810022A7E70022487942EA00229A
:100F60009BE70022887942EA0042F6E70022A1E7E7
:100F700000229CE70648BDE8F081CA791206F1E735
:100F80000091024000900240206803000000AD0B79
:100F90000700AD0BF8B5434B1C790CB14248F8BDC6
:100FA0000579FF2D77D04679FF2E74D090F806C0D2
:100FB000BCF1FF0F6FD090F807E0BEF1FF0F6AD0D1
:100FC0003A4F047BC7F82455C7F82865C7F830C5E1
:100FD000C7F834E5057A90F80BE090F80AC0467B34
:100FE000FF2D08BF4FF0FF35C7F83855457AFF2D64
:100FF00008BF4FF0FF35C7F83C55A4010568C7F896
:10100000405544EACE0444EA0C04002E45D1274D55
:101010009A60C5F84445D5F80026867B077C447C59
:1010200022F07F4222F0FF023243C67B42EA47624F
:10103000002E42EA04720CBF00244FF08074224359
:1010400000260124C5F8002619605E71C5F8084322
:1010500051B1827C16495201D2B24FF4007081F82E
:101060002923C1F8840148601049124D124E012213
:101070000020C1F8002516431A71642428600A6014
:1010800002E0B047013C0BD02B684FF42070002BDE
:10109000F7D00A48F8BD0A48F8BD44F08004B6E726
:1010A0000848F8BD247500200500AD0B00900240F3
:1010B00000E100E000910240206803000000AD0B59
:1010C0000400AD0B0700AD0B034B5B790BB9FFF7C9
:1010D000D1BE0248704700BF247500200B00AD0B45
:1010E000134A1349D2F83436124803F44033B3F5A7
:1010F000803F30B408BF104B104C08BFC2F83436E4
:101100000F4D0122C1F80823002322604FF4007420
:101110002A60C1F80035C0F88440BFF34F8FBFF399
:101120006F8F084AC1F8003130BC1371704700BF9F
:101130000090024000E100E0000103001090024036
:10114000549002402475002000F06043B3F1005F2A
:101150001CD183071AD1154B10B4154CC3F81025B8
:10116000C3F81405C3F81815627902F0FF017AB9C3
:10117000104A1160216879B10F491048012262714B
:10118000C3F804230A605DF8044B70470C487047AD
:101190000C485DF8044B704707490120134608606E
:1011A0001A68002AFCD00548EDE700BF0090024015
:1011B0002475002000910240089002400000AD0B11
:1011C0000A00AD0B0B00AD0B00F06043B3F1005F04
:1011D0001CD183071AD1154B10B4154CC3F8042544
:1011E000C3F80805C3F80C15627902F0FF017AB95B
:1011F000104A1160216879B10F49104801226271CB
:10120000C3F804230A605DF8044B70470C4870472C
:101210000C485DF8044B70470749012013460860ED
:101220001A68002AFCD00548EDE700BF0090024094
:101230002475002000910240049002400000AD0B94
:101240000A00AD0B0B00AD0B8B071CD1134B10B478
:10125000134CC3F81C15C3F82005627902F0FF0196
:101260006AB9104A1160216879B10F490F4801220B
:101270006271C3F804235DF8044B0A6070470C48A0
:101280005DF8044B70470B4870470749012013462F
:1012900008601A68002AFCD00448F1E70090024078
:1012A00024750020009102400C9002400000AD0B1C
:1012B0000B00AD0B0A00AD0B054A136833B1054BAB
:1012C00000205871996810601A681047704700BF75
:1012D0000091024024750020604B1B6830B45C1CF8
:1012E00037D05F4A082B126800F08F805B4B5C4A56
:1012F0001B681268082B15D0591C23D0584A126855
:10130000082B12D0574AD2F8883043F47003C2F841
:101310008830BFF34F8FBFF36F8F534B534A1A6020
:1013200030BC7047002A00F08280032AEAD84FF0D0
:101330008043D3F80024D20744BF6FF00102C3F802
:101340000024DFE74A4A4B4B12681B78C2F30312B2
:10135000D6E7484A464B12781B68082AC3F30313A2
:1013600001D1032B53D9424A424B12681B78C2F376
:101370000312082BBAD1032AB8D84FF080523E4B43
:10138000D2F80414C3F82015D2F80814C3F82415B1
:10139000D2F80C14C3F82815D2F81014C3F82C1581
:1013A000D2F81414C3F83015D2F81814C3F8341551
:1013B000D2F81C14C3F84015D2F82014C3F8441511
:1013C000D2F82414C3F84815D2F82814C3F84C15E1
:1013D000D2F82C14C3F85015D2F83014C3F85415B1
:1013E000D2F83414C3F86015D2F83814C3F8641571
:1013F000D2F83C14C3F86815D2F84014C3F86C1541
:10140000D2F84424C3F8702570E7032A0CD8134B94
:101410001B684FF080420021581CC2F80C11C2F822
:101420001011C2F838159ED00D4A1268A1E7134C6E
:101430001349144D25601448144AFB24C1F818457B
:1014400001681268124C21F00F0102F00F020A43EA
:101450004FF400710260216050E700BF30010010BE
:101460003401001000ED00E0146100200090D00372
:10147000E80F00F0E00F00F000C000408C56004084
:1014800000F0004048810300E40E004058020010C4
:101490004096024008B5F5F71BFF054B4FF0805210
:1014A0005A6040BFBFF34F8FBFF36F8F08BD00BFBF
:1014B00000ED00E0704700BF704700BF044B0360C1
:1014C00010B46423034C0C6013605DF8044B704748
:1014D0003075002084750020054B036010B44FF474
:1014E0008073044C0C6013605DF8044B704700BFC0
:1014F000147700206877002070B51F4C84B04FF03F
:10150000FF3203A92068FDF7E5FD0028F7D0039816
:10151000037A4568052B0DD8DFE803F0272A221C43
:101520001503D0E90361D0E90523C0690090304676
:10153000A847039803681BB11846FDF799FA03986A
:10154000FDF796FADBE7D0E90523D0E90301A847C8
:101550000398EFE7D0E90412C068A8470398E9E7C9
:10156000D0E90301A8470398E4E7A8470398E1E717
:10157000C068A8470398DDE76C7B002030B54023A6
:101580000B4D83B004460022184604212B60FDF762
:10159000D5FA084B084918600223CDE90031A2B200
:1015A000002306490648FEF747FA03B030BD00BFE6
:1015B000687B00206C7B0020707B00202868030083
:1015C000F9140300BFF34F8F0549064BCA6802F4B4
:1015D000E0621343CB60BFF34F8F00BFFDE700BF56
:1015E00000ED00E00400FA054FF08043194AD3F8FB
:1015F0000014194830B41160D3F80054D3F8002413
:10160000164C17492A43C3F80024D4F84025026039
:1016100001224FF40030C3F818259A60C1F8800009
:10162000BFF34F8FBFF36F8F0E4C03F588334FF02E
:10163000A0454FF480304FF0FF31C3F84803C3F8A2
:1016400008035A609A60C5F80815C4F8081530BC3C
:10165000704700BF747B0020787B002000A0004012
:1016600000E100E00003005008B54FF080434E2237
:10167000C3F81C25FFF7A6FF202819D8F0B4614B4A
:1016800053F82030023B82B01D2B00F2B980DFE816
:1016900003F011A4A6A8B7B7B7B7B7B7B7B7B7B72E
:1016A000B7B7B7B7B7B7B7B7B7B7B7B7AAACAEB0F2
:1016B000002070470127544B1C680023082CADF80C
:1016C000063040F398800A2C40F397800D2CB5BF6C
:1016D0000C250E25022303234C494D4AC1F8F03551
:1016E00001260023DFF834C14A48C1F80065C1F87B
:1016F0001435C1F81035C2F81435C2F81035C2F8E7
:101700002435C2F82035C2F83435C2F83035C2F875
:101710004435C2F84035C2F85435C2F85035C2F8E5
:101720006435C2F86035C2F87435C2F870353A4A8B
:10173000DCF8003000681268DFF8E4C01B02000328
:1017400000F4805003F4E0631204034302F4E02247
:101750009CF80000134343EA00630DF10602C1F850
:1017600018350846C1F81475C1F81075C1F82C2653
:10177000C1F830660E60D0F80031002BFBD000219C
:101780000123224AC0F800114360D2F80431002B33
:10179000FBD0002001231D49C2F804019360D1F859
:1017A0001431002BFBD00023C1F81431BDF8062002
:1017B000120448BFADF80630144B0022C3F80025D0
:1017C000BDF80600AC4200B204D035BF2C1B641B30
:1017D000E040A04002B0F0BC704702276BE703274F
:1017E00069E7042767E7052765E7062763E7072713
:1017F00061E708275FE708256EE70A2501236BE705
:101800000020E7E7786703001861002000700040BF
:1018100010700040847B0020887B0020807B0020AB
:101820007C7B002020281BD83C4B53F820301F2BFA
:1018300086BF03F01F033A4A4FF0A0420E290FD88B
:10184000DFE801F0655F59534D474039322B241DC5
:10185000160F080003F5E07340F2037142F82310FD
:10186000704703F5E07340F2036142F823107047BC
:1018700003F5E07340F2035142F82310704703F57B
:10188000E07340F2034142F82310704703F5E07320
:1018900040F2033142F82310704703F5E07340F241
:1018A000032142F82310704703F5E07340F203115F
:1018B00042F82310704703F5E0734FF4403142F8CB
:1018C0002310704703F5E0734FF4003142F8231002
:1018D000704703F5E073134942F82310704703F58E
:1018E000E073114942F82310704703F5E0730421B7
:1018F00042F82310704703F5E0730C2142F82310DF
:10190000704703F5E073032142F82310704703F595
:10191000E073002142F82310704700BF786703008E
:1019200000030050040002000C000300202811D81E
:101930000A4B53F820301F2B88BF03F01F034FF0D2
:1019400001028CBF06484FF0A04002FA03F311B128
:10195000C0F808357047C0F80C3570477867030049
:1019600000030050202818D80D4B53F820201F2AC0
:101970008ABF0C494FF0A04102F01F02D1F81405B4
:1019800001239340034214BFD1F80425D1F8102558
:10199000134214BF0120002070470020704700BF91
:1019A000786703000003005000F108034FF0FF3197
:1019B0000022816002604360C0E90333704700BFCA
:1019C00000230361704700BF4368026810B49C683D
:1019D0008C609C684B600132616099605DF8044BDB
:1019E00008610260704700BF30B40D686B1C11D0F5
:1019F00000F1080200E01A4653681C68AC42FAD9AC
:101A000004684B60013499608A6051600861046029
:101A100030BC704702695368F2E700BF42688168D2
:101A2000036910B4916081685C684A601A688442F6
:101A300008BF5960013A002101611A6018685DF819
:101A4000044B7047437C03B1704730B5012285B029
:101A500042740321FF22019304468DF803208DF880
:101A600006208DF80510827B417B8DF800204FF019
:101A700080451A4602958DF80110057BC3736946AF
:101A8000037403938DF8025001F02AF8A37B1F2BF7
:101A900086BF03F01F030C4A4FF0A04203F5E0732A
:101AA00040F2013142F82310637B1F2B86BF03F005
:101AB0001F0305494FF0A04103F5E07340F20332E4
:101AC00041F8232005B030BD0003005010B483B0AE
:101AD00002AB03E906009DF805309DF8041002688A
:101AE00013F1FF3318BF012300240229C2F8004577
:101AF0001C460374C17332D003292DD0012925D08F
:101B0000224B0099B3FBF1F3B3F5007FC2F85445C3
:101B10001FD2FF2B0FD87F2B24D83F2B25D81F2B6C
:101B200026D80F2B27D8072B02D819498A4225D04F
:101B30004FF0004101E04FF080610723C2F8241507
:101B4000C2F8003503B05DF8044B704743F002045F
:101B5000D6E74FF00071F0E743F00604D0E743F01A
:101B60000404CDE74FF00061E7E74FF08051E4E770
:101B70004FF00051E1E74FF08041DEE7042B34BF26
:101B80004FF0A0514FF02061D7E700BF0090D00385
:101B900000F0024003680022C3F80025704700BF30
:101BA00010B586B006AB012403F8111D002202A96E
:101BB0000293CDE90343059401F0DAF89DF807009C
:101BC00006B010BD70B41049104A1148114B556A47
:101BD000146A0860906A566E0D738C730125546FF9
:101BE0004873906E0D7100220B4D1E739C735873D9
:101BF000CA730A741A71DA731A741D604A748A609F
:101C00005A749A6070BC70478C7B00207867030020
:101C100000F00240A07B002000300240704700BF6F
:101C200010B40468E468A4465DF8044B604700BF44
:101C300030B40468BDF808500295646BA44630BC0B
:101C4000604700BF30B40468BDF808500295A46B2B
:101C5000A44630BC604700BF704700BF01F00301DD
:101C600001298176B0F90830B0F90A2004D003299F
:101C700002D08381C28170478281C381704700BFD7
:101C80002DE9F04385B0994204460768BDF93060FC
:101C9000BDF8348023D0B2421D4611D03B69DFF835
:101CA00084904B4536D1CDE900682B467E6A2046AC
:101CB000B04723689B6A4B4527D105B0BDE8F08348
:101CC00099421FDDCDF830800131BE6B4B1B1BB23A
:101CD00029462046B44605B0BDE8F0436047B2420D
:101CE0000CDDCDF83080531C7D6B9B1B1BB2324644
:101CF0002046AC4605B0BDE8F04360473346164683
:101D00001A46EEE70D461946DCE7204605B0BDE869
:101D1000F0431847CDE9021298472768DDE902121F
:101D2000C1E700BF1D1C03002DE9F04FD0F800C033
:101D30001F46DCF810601A4B83B09E420546BDF981
:101D40003090BDF834A00C4690461FD12744BC42C9
:101D500014DADFF850B0DCF81C60CDF800A05E4566
:101D600021464B464246284601D1DCF83460013416
:101D700024B2B047BC42D5F800C0ECDBDCF8283018
:101D8000074A934206D103B0BDE8F08FB047D5F8BB
:101D900000C0DBE7284603B0BDE8F04F184700BF9E
:101DA0001D1C0300311C03002DE9F04FD0F800C0CA
:101DB0001D46DCF810A02D4B83B09A450446BDF9B2
:101DC0003090BDF834708846164641D1DCF820B01A
:101DD000DFF89CA00097D34508BFDCF838B02B464D
:101DE000324641462046D8472368D3F820B00097B2
:101DF00009F1FF323244D34512B232D1D3F838A0C0
:101E000041462B462046D0472368DFF868A0D3F828
:101E10001CB00097D34508BFD3F834B032464B46C8
:101E200041462046D8472368691EDD69009755451D
:101E3000414408BF5D6B32464B4609B22046A84775
:101E400023680A4A9B6A934206D103B0BDE8F08F2B
:101E5000D047D4F800C0B9E7204603B0BDE8F04F42
:101E600018472B4641462046D847CDE71D1C0300A6
:101E7000451C0300311C03002DE9F04F85B01E46C0
:101E8000BDF93850BDF83CA0AB1A002B9046A6EB2C
:101E90000102B8BF5B42002AB8BF524293420746D4
:101EA00079DCAE464446AC464046354688467646E2
:101EB00021469946A8455CDDA8EB0504A4B2A0EB39
:101EC0000C0002944FF6FF7C24B204EBD47480EA39
:101ED000E079B142C8BF4FF0010CA9EBE079641082
:101EE000CDF80CC09342304B01931FFA89F933DCD3
:101EF000D7F800C0019BDCF814B09B452946534637
:101F000008BFDCF80CB0A4EB090432463846D847C9
:101F1000A3B21CB20135002C2DB205DA039A164487
:101F2000029AD41836B224B2A845E1DA05B0BDE869
:101F3000F08FDCF80CB0D847A4EB0904A3B21CB2B4
:101F40000135002C2DB205DA039A1644029A9C182A
:101F500036B224B24545E9DCD7F800C0019BDCF875
:101F600014B09B452A46534631463846E1D0D847FF
:101F7000E2E7A5EB080080B204B204EBD474B142EE
:101F800002904FEA640428460E46454607DA0121CE
:101F900003918046A6E7B446084691468AE74FF685
:101FA000FF71039180469DE7211C03002DE9F04F4E
:101FB000D0F800C0DFF888E0DCF83C6083B07645FC
:101FC000BDF93080BDF834A028D191461F461B4A88
:101FD000DCF81030934205460C462BD12744BC4216
:101FE00014DADFF860B0DCF81C60CDF800A05E45C4
:101FF000214643464A46284601D1DCF83460013484
:1020000024B2B047BC42D5F800C0ECDBDCF8283085
:102010000A4A934209D103B0BDE8F08FB446CDE936
:102020000C8A03B0BDE8F04F6047284603B0BDE816
:10203000F04F18479847D5F800C0CFE71D1C0300A4
:10204000291D0300311C03002DE9F04FD0F800C01A
:10205000284BDCF83C40B0F90C80B0F90E709C4283
:1020600083B0894633D1DCF81030DFF88CB05B45A3
:1020700005463AD1B8F1000F22DD0024DFF87CA03C
:10208000A64609E0DCF834600134B0470FFA84FE5C
:10209000F045D5F800C013DDDCF81C60CDF80090E9
:1020A000564571463B464FF000022846EAD00134BF
:1020B0000022B0470FFA84FEF045D5F800C0EBDCF3
:1020C000DCF828305B450BD103B0BDE8F08F00226F
:1020D000CDE9007143461146A04703B0BDE8F08F3B
:1020E000284603B0BDE8F04F18479847D5F800C020
:1020F000C0E700BF291D03001D1C0300311C0300A5
:102100002DE9F04FD0F800C01646DCF81050304AE8
:1021100085B095420746BDF838B00C464DD19BB20C
:1021200003F1FF39DCF824502A4A1FFA89F909EB38
:10213000040895420FFA88F810D0CDE9006B4346A9
:10214000324621463846A847D7F800C0DCF8283088
:102150001F4A934237D105B0BDE8F08F444526DDD4
:10216000C3F101031FFA83F90FFA89F5234605EB42
:10217000D57544466D109846174BDCF814A09A4567
:1021800032465B46214638460FD1DCF80CA0D047DA
:102190000134002D24B203DA013E4D4436B22DB293
:1021A000A045D7F800C0E7DAD0E7D047F0E70FFA4C
:1021B00089F505EBD5756D10DEE70393A847D7F8D1
:1021C00000C0039BABE7384605B0BDE8F04F1847A9
:1021D0001D1C0300791E0300211C03002DE9F04F94
:1021E000D0F800C09046DCF81040424A85B09442D6
:1021F0000646BDF838900F466ED1DCF824503E49B3
:10220000013B1FFA88F213449BB28D421CB250D19D
:10221000444528D066DAD31A9BB21DB205EBD575BA
:10222000A04503934FEA65053BDBDFF8D0A010E043
:10223000DCF80CB0D8470134002D24B2ABB204DA7C
:10224000039A013F9D183FB22DB2A045D6F800C0B9
:1022500027DBDCF814B0D3454B46224639463046DE
:10226000E6D0D847E7E7DFF894A03D464FF00008F6
:10227000BB46DCF814705745224608BFDCF80C70EA
:1022800029464B463046B8470135B8F1000FB8BF74
:1022900004F1FF342DB2B8BF24B2AB45D6F800C06C
:1022A000E7DADCF82830134A934210D105B0BDE8D4
:1022B000F08F42463B46CDE9004939463046A847B3
:1022C000D6F800C00B4ADCF828309342EED03046F6
:1022D00005B0BDE8F04F18470393A047D6F800C0FB
:1022E000039B8AE7104621461A4644460346884621
:1022F00091E700BF1D1C0300791E0300211C030091
:1023000070B4002461F30F0462F31F44094A0260B1
:102310004FF0FF36002240F2011501218460C460B5
:1023200046610583C176426002618276027702626D
:1023300070BC70473C6D03002DE9F04F87B0D0F8BA
:1023400000C0BDF940600593F31D48BF06F10E03C0
:10235000DB1017460393DCF810202E4BBDF84850D5
:10236000BDF9444001959A428046029148D1002C23
:102370003EDD3C444FF0000B23B204935D46002E3B
:102380002FDD059A002302EB0B0903E0013423B291
:102390009E4226D09CB2DB1014F0070F4FEA450591
:1023A0000CBF19F80350EDB22B06EFD5029BDCF8F9
:1023B00014A004EB030E184B0FFA8EFE9A4508BFCB
:1023C000DCF80CA0019B3A46714640461EBF7146A0
:1023D0003A4640460134D04723B29E42D8F800C066
:1023E000D8D1039B01379B44049B3FB29F42C6D187
:1023F000DCF82830074A934206D107B0BDE8F08FD9
:102400009047D8F800C0B2E7404607B0BDE8F04FAB
:10241000184700BF1D1C0300211C03002DE9F04FCD
:1024200097B083460D91016ABDF880000290BDF817
:10243000840003909DF8880006909DF88C00089019
:102440000592002900F0EB800A7AD1E900109B1A6E
:10245000DBB200EBC30230F8333007939378049378
:10246000D378109392F905301593069B0A91012BAE
:1024700092F9064040F2CB80BDF954300E9323B25E
:102480001293AE4BDBF800C009931A46DCF810300B
:10249000934240F04D81109B002B00F08B80BDF8E3
:1024A00014301393002223440C92149392460B92FF
:1024B000049B002B76D00B9B129A089913981A4410
:1024C00002FB01021499CB181BB211930FFA82F987
:1024D0000C9B002509E00135049AEDB24FEA4A0A47
:1024E000AA425FFA8AFA434658D95A1C5B075FFA38
:1024F00082F806D1079A0A99531C9BB211F802A0E0
:1025000007931AF0800FE6D0069ABDF83430012AFE
:1025100059D00E9A0699DCF81860BDF9207054194C
:10252000874A04FB0134964224B20BB260D1DCF836
:102530003C60844A96425BD1DCF81030099A9342A1
:1025400060D1069B2344A34203931DDD7E4B05937C
:102550000F950BE0029D0095DCF83460B047013424
:10256000039BDBF800C024B2A3420CDDDCF81C6046
:10257000059DAE4221463B464A465846EAD0029B5C
:1025800000933B46EAE70F9DDCF82830099A934216
:10259000A1D058469847DBF800C09CE70C9B134439
:1025A000DBB20C930B9B109A0133DBB29A420B9374
:1025B0003FF67EAFDCF82830099A934240F0B380B2
:1025C00017B0BDE8F08F089A012AA2D1159ADCF85D
:1025D000144013445D4A5919944208BFDCF80C407A
:1025E000029B119A09B25846A047DBF800C072E777
:1025F000029A2146CDE9007258464A46B047DBF8B8
:1026000000C068E758469847DBF800C099E7089B88
:10261000012B3FF631AF002312930E9331E7BBF944
:102620000C200D998A42CBDDBBF90E200598824221
:10263000C6DDBDF81840062212FB0412002ABFDDD9
:10264000089A00EBC202002ABADD9BF81C201AB9D6
:10265000AF2B84BF0133DBB2384ADBF800C00992EC
:102660001146DCF810208A4240F08C81384ABDF8CF
:1026700034100F9103EB8303D3180D93BDF818307A
:102680000E9300230B910C930D9ABDF92C3012F888
:10269000018B0D92069A07939F1808230493002636
:1026A000B94618F0010F55D00699BDF8142001293C
:1026B000B3B200F0F2800899DCF8184011FB03F384
:1026C00013441F4A94421DB20FFA81FABDF9183023
:1026D00040F00681DCF83C401A4A944240F0008108
:1026E000DCF81030099A934240F02281079C4C4557
:1026F00070DA0A960AE0029E0096DCF83470013423
:1027000024B2B8474C45DBF800C062DADCF81C7034
:102710000D4EB742214653462A465846EBD0029BFF
:1027200000935346EBE7584617B0BDE8F04F184703
:1027300058469847DBF800C0ADE600BF1D1C0300FB
:10274000AD1F0300291D0300311C0300211C0300E1
:1027500034680300DDE90232934241D00699BDF8A6
:1027600014200129B3B200F0C5800899DCF81840A4
:1027700011FB03F313448F4A94421DB20FFA81FAFE
:10278000BDF9183040F0CD80DCF83C408A4A9442D4
:1027900040F0C780DCF81030099A934240F0CD80B9
:1027A000079C4C4516DA0A96DCF81C70834EB7423B
:1027B000214653462A46584640F08680039E00969E
:1027C0000134DCF8347024B2B8474C45DBF800C063
:1027D000EADB0A9EDCF82830099A934240F0A38095
:1027E000049B013B013613F0FF0376B24FEA580811
:1027F00004937FF456AF0B9B0E9A13440C9A01324C
:102800009BB2052A0C920B937FF43EAFDDE90232B6
:1028100093423FF4CFAE069B012B00F0A0800E9BAD
:102820000F99DCF81860634A03EB83031944089B93
:1028300096424FEAC3050CB2BDF9183040F0A980AA
:10284000DCF83C605C4A964240F0A380DCF8103033
:10285000099A934240F0A980069B23449C421E465D
:1028600070DADFF85881DDF814900AE0039F0097D2
:10287000DCF83470013424B2B847B442DBF800C04D
:1028800060DADCF81C70474521462B464A4658461C
:10289000ECD0039B00932B46ECE7089901297FF4C9
:1028A0000AAF13440C990F9ADCF8144051181AB26D
:1028B000434B9C4208BFDCF80C40029B09B25846CF
:1028C000A047DBF800C08BE7039B0093013453461D
:1028D00024B2B847A145DBF800C03FF765AF78E701
:1028E000029A0799CDE900A258462A46A047DBF88C
:1028F00000C075E7089901297FF437AF13440C999C
:102900000F9ADCF8144051181AB22D4B9C4208BFA4
:10291000DCF80C40039B09B25846A047DBF800C026
:102920005EE7039ADDE758469847DBF800C057E7B3
:1029300058469847DBF800C0D8E658469847DBF879
:1029400000C02DE7DCF82830099A93423FF435AEF9
:1029500058469847DBF80030099A9B6A2DE6089B99
:10296000012B7FF45CAF0F9900920531059ADCF8DA
:102970001C40082309B25846A047DBF80030099AEA
:102980009B6A1AE6049358469047DBF800C0049B04
:102990006CE6039A2146CDE900525846059AB047A5
:1029A000DBF80030099A9B6A07E658469847DBF83F
:1029B00000C051E7AD1F0300291D0300311C0300B7
:1029C000211C03002DE9F041036A84B00446002B6A
:1029D0004FD00A2941D00D2947D01A7A914244D3C9
:1029E000987A884241D38A1A5D68B4F91060207ED3
:1029F000D2B205EBC205AF7857B3EA7842B394F888
:102A00001BC0B4F9122094F819E0BCF1000F0FD0EC
:102A100095F905C0B4F90C80674400FB076747458A
:102A200006DD002626821B7B03FB0E2212B2628289
:102A3000B4F816C0CDF80CE0A78A02900B462046E9
:102A40003146CDE9007CFFF7E9FCB4F91060207E47
:102A5000297901FB0060208207E0002202821B7BB3
:102A6000428A417E01FB03234382012004B0BDE87A
:102A7000F0810A292CD00D29F7D0C67EB0F910704C
:102A8000B4F91220007E657E66B10626B4F90CC04A
:102A900016FB0076664505DD02EBC50212B26282C6
:102AA00023821F46E68A0395A58A02900B4620469C
:102AB0003946CDE90056FFF7B1FC237E228A03EBAD
:102AC000430302EB43030120238204B0BDE8F081FD
:102AD000428A417E038202EBC1034382C5E700BF05
:102AE0002DE9F04F04799D4DE6003719BF0005EB45
:102AF000070E83B09EF81CC0BCF1000F40F0E580CB
:102B000091F80CC00068EA51CEF80430BCF1010F16
:102B10000B7840F2DE801F2B87BF03F01F08DFF821
:102B200040E298464FF0A04E012707FA08F7CEF88A
:102B300008751F2B8BBF03F01F071F46DFF820E22D
:102B40004FF0A04E07F5E0774FF001084EF82780D0
:102B50004F78FF2F00F0E9801F2F8ABF07F01F0971
:102B6000B946DFF8FC81009798BF4FF0A04809F5FF
:102B7000E07A4FF0010E0EFA09FE4FF00309C8F893
:102B80000CE548F82A9091F802E0BEF1FF0F00F042
:102B9000D580BEF11F0F91F80EA088BFDFF8C0B13D
:102BA000CDF804E08EBF0EF01F08F0464FF0A04BAA
:102BB00008F5E0784FEA8A0A4BF828A006EB0408EB
:102BC00005EB880888F820E091F803E088F81FE01A
:102BD000BEF1FF0F2AD091F80490F046B9F1000F32
:102BE00040F08680BEF11F0F87BF0EF01F0B5C4FB9
:102BF000F3464FF0A0474FF0010A0AFA0BFAC7F864
:102C000008A5BEF11F0F86BF0EF01F08DFF850A108
:102C10004FF0A04A08F5E07806EB040E4FF0030BE6
:102C200005EB8E0E4AF828B08EF81E9091F80DE054
:102C3000C0F80835009BD1F80880C0F80C351EF1AB
:102C4000000318BF0123019FC0F81075BCF1020FEB
:102C5000C0F824857FD0BCF1030F79D0BCF1010FFF
:102C600056D0C0F854358B79C0F8C035002A58D0FA
:102C700040220723C0F80423C0F800354A79000B2E
:102C800043B25201002BD1B2C0B25BDB5A099200B1
:102C900002F1604203F16043012702F5614203F54E
:102CA000614300F01F0007FA00F083F80013C2F838
:102CB00080011060344405EB84052A48002201237A
:102CC0006A772B7703B0BDE8F08F274803B0BDE8E3
:102CD000F08F1F2B87BF03F01F08DFF884E09846B2
:102CE0004FF0A04E012707FA08F7CEF80C7520E741
:102CF000BEF11F0F87BF0EF01F0B194FF3464FF0A9
:102D0000A0474FF0010A0AFA0BFAC7F80CA578E7BA
:102D100043F00203C0F854358B79C0F8C035002A5F
:102D2000A6D10723C0F80035C4E791F802E04FF0C0
:102D3000FF37BEF1FF0F00977FF42BAF4FF0FF3747
:102D400001973BE7094B00F00F0003441976B1E708
:102D500043F0060385E743F0040382E7B47B0020D9
:102D6000000300500000AD0B0500AD0BFCEC00E0D3
:102D70002DE9F04F0479644F4FEAC40C0CEB0403C7
:102D80009B008646F8180E46417F83B0002940F02C
:102D9000918057F803909046B9F1000F04D012F0DB
:102DA000140F04BF012343770CEB040507EB8505E3
:102DB00096E80F0095F81FA005F10C0BBAF1FF0F74
:102DC0008BE80F0010D0AA7F5346002A76D0BAF1C4
:102DD0001F0F86BF0AF01F034C494FF0A04101228C
:102DE00002FA03F3C1F8083532686AB102F06043B1
:102DF000B3F1005F08D0644407EB84070023444824
:102E00007B7703B0BDE8F08FB16821B101F060437A
:102E1000B3F1005FEFD1DEF800307568F068C3F8F9
:102E200044250022C3F84855C3F83415C3F83805C3
:102E3000C3F81821D3F818210192019A18F0010261
:102E400018BF0122C3F8502518F0020218BF012252
:102E500018F0080FC3F8402504BF01221A61B9F128
:102E6000000F0BD02B48402218F0040F14BFC3F8FA
:102E70000823C3F8042303B0BDE8F08FD3F818216A
:102E8000002AFBD0BAF1FF0F2CD0644407EB840773
:102E9000BB7F4BB3BAF11F0F84BF0AF01F0A1B4A56
:102EA0001C4898BF4FF0A042012303FA0AF3C2F86E
:102EB0000C35A6E7184803B0BDE8F08FBAF11F0F34
:102EC0004FF0010288BF0AF01F0302FA03F388BF24
:102ED0000E49326898BF4FF0A041C1F80C35002A66
:102EE00084D191E70B488CE7BAF11F0F84BF0AF039
:102EF0001F0A064A074898BF4FF0A042012303FA71
:102F00000AF3C2F808357CE7B47B002000030050C8
:102F10000A00AD0B0000AD0B0B00AD0B194BD3F845
:102F2000182102B970470021174AC3F81811D3F8C5
:102F30001811D37F82B0FF2B019101990DD0917FA1
:102F400099B11F2B86BF03F01F0310484FF0A0401C
:102F5000012101FA03F3C0F80C35002353771372F3
:102F6000D2E900310A4802B018471F2B86BF03F090
:102F70001F0306484FF0A040012101FA03F3C0F8F7
:102F80000835EAE700300240B47B0020000300501F
:102F9000BC7B00201B4BD3F8182102B970470021DD
:102FA000194AC3F81811D3F8181192F8433082B0B7
:102FB000FF2B019101990ED092F84210A9B11F2B5D
:102FC00086BF03F01F0311484FF0A040012101FA12
:102FD00003F3C0F80C35002382F8413082F82C301E
:102FE000D2E909310A4802B018471F2B86BF03F007
:102FF0001F0306484FF0A040012101FA03F3C0F877
:103000000835E8E700F00240B47B002000030050E0
:10301000E07B00200B460146184600F0D7BD0000BB
:1030200081F0004102E000BF83F0004330B54FEA79
:1030300041044FEA430594EA050F08BF90EA020FE6
:103040001FBF54EA000C55EA020C7FEA645C7FEA79
:10305000655C00F0E2804FEA5454D4EB5555B8BF9C
:103060006D420CDD2C4480EA020281EA030382EA0D
:10307000000083EA010180EA020281EA0303362D9F
:1030800088BF30BD11F0004F4FEA01314FF4801C72
:103090004CEA113102D0404261EB410113F0004F84
:1030A0004FEA03334CEA133302D0524263EB43033B
:1030B00094EA050F00F0A780A4F10104D5F1200ED9
:1030C0000DDB02FA0EFC22FA05F2801841F1000134
:1030D00003FA0EF2801843FA05F359410EE0A5F108
:1030E00020050EF1200E012A03FA0EFC28BF4CF039
:1030F000020C43FA05F3C01851EBE37101F00045EF
:1031000007D54FF0000EDCF1000C7EEB00006EEBFB
:103110000101B1F5801F1BD3B1F5001F0CD3490885
:103120005FEA30004FEA3C0C04F101044FEA4452DC
:1031300012F5800F80F09A80BCF1004F08BF5FEA63
:10314000500C50F1000041EB045141EA050130BD43
:103150005FEA4C0C404141EB010111F4801FA4F1E6
:103160000104E9D191F0000F04BF01460020B1FA3B
:1031700081F308BF2033A3F10B03B3F120020CDA73
:103180000C3208DD02F1140CC2F10C0201FA0CF051
:1031900021FA02F10CE002F11402D8BFC2F1200CB6
:1031A00001FA02F120FA0CFCDCBF41EA0C0190406C
:1031B000E41AA2BF01EB0451294330BD6FEA0404B5
:1031C0001F3C1CDA0C340EDC04F11404C4F12002A0
:1031D00020FA04F001FA02F340EA030021FA04F3B2
:1031E00045EA030130BDC4F10C04C4F1200220FA09
:1031F00002F001FA04F340EA0300294630BD21FA47
:1032000004F0294630BD94F0000F83F4801306BF0C
:1032100081F480110134013D4EE77FEA645C18BF00
:103220007FEA655C29D094EA050F08BF90EA020F97
:1032300005D054EA000C04BF1946104630BD91EA8F
:10324000030F1EBF0021002030BD5FEA545C05D192
:103250004000494128BF41F0004130BD14F58004D1
:103260003CBF01F5801130BD01F0004545F0FE4145
:1032700041F470014FF0000030BD7FEA645C1ABF7A
:10328000194610467FEA655C1CBF0B46024650EAB1
:10329000013406BF52EA033591EA030F41F40021DD
:1032A00030BD00BF90F0000F04BF0021704730B563
:1032B0004FF4806404F132044FF000054FF0000138
:1032C00050E700BF90F0000F04BF0021704730B5F9
:1032D0004FF4806404F1320410F0004548BF4042CE
:1032E0004FF000013EE700BF42004FEAE2014FEA23
:1032F00031014FEA02701FBF12F07F4393F07F4FFE
:1033000081F06051704732F07F4208BF704793F000
:103310007F4F04BF41F40021704730B54FF4607413
:1033200001F0004521F000411CE700BF50EA010216
:1033300008BF704730B54FF000050AE050EA0102BF
:1033400008BF704730B511F0004502D5404261EB2F
:1033500041014FF4806404F132045FEA915C3FF470
:10336000D8AE4FF003025FEADC0C18BF03325FEA0D
:10337000DC0C18BF033202EBDC02C2F1200300FABE
:1033800003FC20FA02F001FA03FE40EA0E0021FAE3
:1033900002F11444BDE600BF70B54FF0FF0C4CF4D1
:1033A000E06C1CEA11541DBF1CEA135594EA0C0F83
:1033B00095EA0C0F00F0DEF82C4481EA030621EABE
:1033C0004C5123EA4C5350EA013518BF52EA0335F9
:1033D00041F4801143F4801338D0A0FB02CE4FF0AB
:1033E0000005E1FB02E506F00042E0FB03E54FF0DB
:1033F0000006E1FB03569CF0000F18BF4EF0010ED3
:10340000A4F1FF04B6F5007F64F5407404D25FEACE
:103410004E0E6D4146EB060642EAC62141EA555181
:103420004FEAC52040EA5E504FEACE2EB4F1FD0CC3
:1034300088BFBCF5E06F1ED8BEF1004F08BF5FEA41
:10344000500E50F1000041EB045170BD06F00046F3
:1034500046EA010140EA020081EA0301B4EB5C04A0
:10346000C2BFD4EB0C0541EA045170BD41F4801198
:103470004FF0000E013C00F3AB8014F1360FDEBFBD
:10348000002001F0004170BDC4F10004203C35DA99
:103490000C341BDC04F11404C4F1200500FA05F31C
:1034A00020FA04F001FA05F240EA020001F00042BD
:1034B00021F0004110EBD37021FA04F642EB060133
:1034C0005EEA430E08BF20EAD37070BDC4F10C045D
:1034D000C4F1200500FA04F320FA05F001FA04F221
:1034E00040EA020001F0004110EBD37041F100010D
:1034F0005EEA430E08BF20EAD37070BDC4F1200518
:1035000000FA05F24EEA020E20FA04F301FA05F27F
:1035100043EA020321FA04F001F0004121FA04F227
:1035200020EA020000EBD3705EEA430E08BF20EAF7
:10353000D37070BD94F0000F0FD101F00046400031
:1035400041EB010111F4801F08BF013CF7D041EAB3
:10355000060195F0000F18BF704703F000465200B7
:1035600043EB030313F4801F08BF013DF7D043EA88
:103570000603704794EA0C0F0CEA135518BF95EA3E
:103580000C0F0CD050EA410618BF52EA4306D1D1C5
:1035900081EA030101F000414FF0000070BD50EAE4
:1035A000410606BF1046194652EA430619D094EA6E
:1035B0000C0F02D150EA013613D195EA0C0F05D158
:1035C00052EA03361CBF104619460AD181EA0301AC
:1035D00001F0004141F0FE4141F470014FF0000064
:1035E00070BD41F0FE4141F4780170BD70B54FF0FF
:1035F000FF0C4CF4E06C1CEA11541DBF1CEA13557F
:1036000094EA0C0F95EA0C0F00F0A7F8A4EB050460
:1036100081EA030E52EA03354FEA013100F0888057
:103620004FEA03334FF0805545EA131343EA126320
:103630004FEA022245EA111545EA10654FEA0026D5
:103640000EF000419D4208BF964244F1FD0404F58E
:10365000407402D25B084FEA3202B61A65EB0305EA
:103660005B084FEA32024FF480104FF4002CB6EBA7
:10367000020E75EB030E22BFB61A754640EA0C0027
:103680005B084FEA3202B6EB020E75EB030E22BF67
:10369000B61A754640EA5C005B084FEA3202B6EBA8
:1036A000020E75EB030E22BFB61A754640EA9C0067
:1036B0005B084FEA3202B6EB020E75EB030E22BF37
:1036C000B61A754640EADC0055EA060E18D04FEAF5
:1036D000051545EA16754FEA06164FEAC30343EA95
:1036E00052734FEAC2025FEA1C1CC0D111F4801F62
:1036F0000BD141EA00014FF000004FF0004CB6E75B
:1037000011F4801F04BF01430020B4F1FD0C88BFF9
:10371000BCF5E06F3FF6AFAEB5EB030C04BFB6EB04
:10372000020C5FEA500C50F1000041EB045170BDF7
:103730000EF0004E4EEA113114EB5C04C2BFD4EB24
:103740000C0541EA045170BD41F480114FF0000EA8
:10375000013C90E645EA060E8DE60CEA135594EA24
:103760000C0F08BF95EA0C0F3FF43BAF94EA0C0F27
:103770000AD150EA01347FF434AF95EA0C0F7FF49C
:1037800025AF104619462CE795EA0C0F06D152EAF0
:1037900003353FF4FDAE1046194622E750EA4106D4
:1037A00018BF52EA43067FF4C5AE50EA41047FF4E5
:1037B0000DAF52EA43057FF4EBAE12E74FF0FF3C4A
:1037C00006E000BF4FF0010C02E000BF4FF0010C1B
:1037D0004DF804CD4FEA410C7FEA6C5C4FEA430C94
:1037E00018BF7FEA6C5C1BD001B050EA410C0CBFE3
:1037F00052EA430C91EA030F02BF90EA020F002045
:10380000704710F1000F91EA030F58BF994208BFAB
:1038100090422CBFD8176FEAE37040F00100704768
:103820004FEA410C7FEA6C5C02D150EA013C07D1BF
:103830004FEA430C7FEA6C5CD6D152EA033CD3D00A
:103840005DF8040B704700BF8446104662468C4604
:103850001946634600E000BF01B5FFF7B7FF002837
:1038600048BF10F1000F01BD4DF808EDFFF7F4FF60
:103870000CBF012000205DF808FB00BF4DF808EDEB
:10388000FFF7EAFF34BF012000205DF808FB00BF0E
:103890004DF808EDFFF7E0FF94BF012000205DF830
:1038A00008FB00BF4DF808EDFFF7CEFF94BF0120E5
:1038B00000205DF808FB00BF4DF808EDFFF7C4FFDE
:1038C00034BF012000205DF808FB00BF53B94AB99E
:1038D000002908BF00281CBF4FF0FF314FF0FF3018
:1038E00000F072B9ADF1080C6DE904CE00F006F8F5
:1038F000DDF804E0DDE9022304B070472DE9F0476C
:10390000089E04468846002B4BD18A42154667D94B
:10391000B2FA82F24AB1C2F1200701FA02F320FAA8
:1039200007F7954047EA030894404FEA154E230CE9
:10393000B8FBFEF71FFA85FC0EFB178843EA084325
:1039400007FB0CF1994209D9EB1807F1FF3080F021
:103950001B81994240F21881023F2B445B1AA4B2AA
:10396000B3FBFEF00EFB103344EA034400FB0CFCF7
:10397000A44509D92C1900F1FF3380F00781A44533
:1039800040F2048102382C4440EA0740A4EB0C04C6
:1039900000271EB1D4400023C6E900433946BDE8E4
:1039A000F0878B4209D9002E00F0EB800027C6E992
:1039B000000138463946BDE8F087B3FA83F7002F97
:1039C00047D18B4202D3824200F2FA80841A61EB23
:1039D000030301209846002EE0D0C6E90048DDE749
:1039E00002B9FFDEB2FA82F2002A40F08F80491B52
:1039F0004FEA154E1FFA85F80127B1FBFEFC230C98
:103A00000EFB1C1143EA014308FB0CF1994207D954
:103A1000EB180CF1FF3002D2994200F2CD808446BF
:103A2000591AA3B2B1FBFEF00EFB101443EA044492
:103A300008FB00F8A04507D92C1900F1FF3302D28A
:103A4000A04500F2B6801846A4EB080440EA0C40FA
:103A50009FE7C7F1200CBB4022FA0CFE4EEA030E92
:103A600001FA07F420FA0CF521FA0CF34FEA1E488C
:103A70002543B3FBF8F92C0C08FB19331FFA8EFA17
:103A800044EA034309FB0AF49C4202FA07F200FAF3
:103A900007F10BD91EEB030309F1FF3080F087809B
:103AA0009C4240F28480A9F1020973441B1BADB211
:103AB000B3FBF8F008FB103345EA034400FB0AFAB5
:103AC000A24508D91EEB040400F1FF336BD2A245D6
:103AD00069D90238744440EA0940A0FB0289A4EB8A
:103AE0000A044C45C2464B4654D351D0002E69D0EF
:103AF000B1EB0A0564EB030404FA0CFCFD40FC4046
:103B00004CEA0505C6E90054002747E7C2F1200347
:103B100020FA03F7954001FA02F021FA03F34FEA85
:103B2000154E3843010CB3FBFEF71FFA85F80EFB68
:103B3000173341EA034107FB08F38B4204FA02F40E
:103B400007D9691807F1FF3C2FD28B422DD9023FCC
:103B50002944CB1A81B2B3FBFEF00EFB103341EACD
:103B6000034100FB08F38B4207D9691800F1FF3CC1
:103B700017D28B4215D902382944C91A40EA07479F
:103B80003BE73746304609E70746E7E61846FBE6D7
:103B90004145ABD2B8EB020A69EB0E02013813467D
:103BA000A4E76046E9E7184695E76746D1E781460E
:103BB0007CE702382C4447E7ACF1020C2B442FE79A
:103BC000384608E73746E9E6704700BF10B5054CB0
:103BD00013462CB10A4601460220AFF3008010BD07
:103BE0002046FCE700000000014B1868704700BF4A
:103BF0001C61002008B5074B044613B10021AFF348
:103C00000080054B1868836A03B19847204602F08C
:103C100029F900BF00000000886D030070B50D4E4B
:103C20000D4CA41BA4100025A54209D10B4E0C4C31
:103C300002F01AF9A41BA4100025A54205D170BDFD
:103C400056F8253098470135EEE756F82530984765
:103C50000135F2E7EC620020EC620020EC6200200B
:103C600008630020024B0146186800F093B800BFBB
:103C70001C610020024B0146186800F03DB800BFEF
:103C80001C61002010B5431E0A44914200D110BDB2
:103C900011F8014B03F8014FF7E7884210B501EB2B
:103CA000020307D8421E99420AD011F8014B02F8CC
:103CB000014FF8E78342F5D98118D21AD34200D1D7
:103CC00010BD13F8014D01F8014DF7E7024403461A
:103CD000934200D1704703F8011BF9E738B502FBA6
:103CE00001F4214600F056F8054618B1224600219D
:103CF000FFF7ECFF284638BD38B50546002945D00A
:103D000051F8043C0C1F002BB8BFE41801F0F0FB85
:103D10001F4A1368104633B9636014602846BDE833
:103D2000384001F0E6BBA3420CD9216862189342E7
:103D300004BF1A685B68636004BF521822600460A5
:103D4000ECE713465A680AB1A242FAD91968581822
:103D5000A0420BD120680144581882421960DDD17D
:103D6000106852685A6001441960D7E702D90C23E1
:103D70002B60D3E7206821188A4204BF116852687B
:103D8000626004BF091821605C60C7E738BD00BFEE
:103D9000FC7B002070B5CD1C25F0030508350C2DEB
:103DA00038BF0C25002D064601DBA94203D90C23A0
:103DB0003360002070BD01F09BFB214A146821464E
:103DC00091B9204C23681BB9304600F099FC206063
:103DD0002946304600F094FC431C24D10C23336068
:103DE000304601F086FBE4E70B685B1B18D40B2B15
:103DF0000FD90B60CD50CC18304601F07AFB04F19E
:103E00000B00231D20F00700C31AD3D05A42E25002
:103E1000D0E78C424B6816BF636013600C46EBE73B
:103E20000C464968CCE7C41C24F00304A04205D02A
:103E3000211A304600F064FC0130CFD02560DBE76A
:103E4000FC7B0020007C00202DE9FF4755EC104B47
:103E50000D9FDDF830A0002D0E4691461946B8BFE3
:103E600022462B4627F02007BBBF05F100431D4625
:103E700000232D23B8BF1446462F0B7004D0452FC6
:103E800000D10136022100E0032103AB019302AB14
:103E900000933246534645EC104B00F011FD472F7E
:103EA000804602D119F0010F26D0462F08EB0609F3
:103EB00011D198F80030302B0AD10022002320467F
:103EC0002946FFF7D1FC18B9C6F10106CAF800600F
:103ED000DAF8003099440022002320462946FFF7F3
:103EE000C3FC38B93022039B4B4505D2591C0391C2
:103EF0001A70F8E7CDF80C90039B0E9AA3EB080319
:103F00004046136004B0BDE8F087F7B500290446C9
:103F1000BABF49422D232B23092904F8022B4370F1
:103F200020DD0DF107031F460A2691FBF6F506FB7F
:103F300015113031092D03F8011C03F1FF32294618
:103F400009DC3031023B02F8011CBB42224604D39B
:103F5000101A03B0F0BD1346E7E713F8012B04F87D
:103F6000012BF2E7302319448370021DC170EFE783
:103F70002DE9F04F8DB00C46DDF8588016461F46EF
:103F8000054601F055FA03680493184600F0C8FB93
:103F900000230A93D8F800300590073323F0070375
:103FA00003F1080294F818A0D4F800B0C8F8002073
:103FB000D3E90023C4E91223D4E9128929F000438C
:103FC0000793CDF818804FF0FF32A74BDDE90601CB
:103FD00001F00AFF70BB4FF0FF32A34BDDE9060191
:103FE000FFF756FC30BB0022002340464946FFF74E
:103FF00045FC10B12D2384F843309C4A9C4BBAF108
:10400000470F8CBF9046984603232BF00402236190
:1040100022604FF00009009733460BAA214628463C
:1040200000F0E6F9013040F08D804FF0FF300DB028
:10403000BDE8F08F42464B464046494601F0D4FE6B
:1040400010B18C4A8C4BDAE761684B1C4BF48062F0
:104050000AA83ED1062363600023CDE9020309AB21
:10406000009349EC108B0DF123032260CDF804A0DE
:1040700061682846FFF7E8FE0AF0DF03472B804619
:1040800009D1099BD81C02DB6268934247DDAAF183
:10409000020A5FFA8AFABAF1650F099924D8013940
:1040A000524604F150000991FFF72FFF0A9A1318A6
:1040B000012A8146236102DC2268D10701D5013340
:1040C00023619DF82330002BA5D02D2384F84330A5
:1040D000A1E7BAF1670F00F07781BAF1470FBBD1C2
:1040E0000029B9D10123B6E7BAF1660F19D1002929
:1040F00063680CDD216113B92268D20702D5013350
:104100000B442361099BA3654FF00009D9E713B95C
:104110002268D00701D50233F3E70123F1E74FF01E
:10412000670ADDE90932934205DB22682361D10782
:10413000E8D50133E5E7002BD4BFC3F10203012327
:104140001344DEE723685A0507D423694246314603
:104150002846B84701302BD167E7BAF1650F40F226
:10416000DC8000220023D4E91201FFF77DFB002848
:1041700033D00123414A31462846B84701303FF445
:1041800054AFDDE909239A4202DB2368D8070FD533
:10419000DDE9042331462846B84701303FF445AFF6
:1041A0004FF0000804F11A090A9B013B434509DC62
:1041B00023689B0700F10381E0680B9B9842B8BF1E
:1041C000184634E701234A4631462846B8470130AD
:1041D0003FF42BAF08F10108E6E7099B002B2BDC2D
:1041E0000123264A31462846B84701303FF41DAF27
:1041F000099B23B90A9B13B92368D907D8D5DDE9F0
:10420000042331462846B84701303FF40EAF4FF043
:10421000000904F11A0A099B5B424B4501DC0A9B29
:1042200094E70123524631462846B84701303FF40F
:10423000FCAE09F10109EEE70A9AA36D9A42A8BF04
:104240001A46002A914607DD134631464246284663
:10425000B84701303FF4E9AE04F11A034FF0000B08
:1042600029EAE979069315E0FFFFEF7F906D0300DF
:104270008C6D0300986D0300946D03009C6D03002A
:104280000123069A31462846B84701303FF4CDAEA7
:104290000BF1010BD4F858A0AAEB09035B45EFDC46
:1042A000DDE909239A42D04415DB2368DA0712D4EA
:1042B0000A9B0999A3EB0A02A3EB010A9245A8BF46
:1042C0009246BAF1000F0EDC4FF000082AEAEA7AB3
:1042D00004F11A0919E0DDE9042331462846B847FC
:1042E0000130E5D1A1E65346424631462846B8475B
:1042F0000130E9D199E601234A4631462846B847BC
:1043000001303FF492AE08F10108DDE909239B1A60
:10431000A3EB0A034345EEDC4AE70A9A012A01DCD3
:10432000DB073AD50123424631462846B8470130DB
:104330003FF47BAEDDE9042331462846B84701301F
:1043400008F101083FF471AE0A9B002203F1FF3A25
:10435000D4E912010023FFF787FAC8B95346424651
:1043600031462846B84701300ED15EE60123524659
:1043700031462846B84701303FF457AE08F10108EE
:104380000A9B013B4345F1DC4B4604F15002DEE65B
:104390004FF0000804F11A0AF2E70123DFE70123D6
:1043A0004A4631462846B84701303FF43EAE08F150
:1043B0000108E3680B9A9B1A4345F0DCFCE64FF0DA
:1043C000000804F11909F4E700293FF48BAE00233B
:1043D000CDE9020309AB009349EC108B2260CDF8C4
:1043E00004A00DF123032846FFF72EFD804648E682
:1043F0002DE9F04791461F468A680B69DDF8208059
:104400009342B8BF1346C9F8003091F843200646DE
:104410000C4612B10133C9F800302368990642BF37
:10442000D9F800300233C9F80030256815F00605C8
:1044300007D104F1190AE368D9F800209B1AAB42AE
:1044400028DC94F843302268003318BF0123920619
:104450002DD404F1430239463046C047013020D004
:104460002368E568D9F8002003F00603042B08BF91
:10447000AD1AA36822690CBF25EAE57500259342B1
:10448000C4BF9B1AED184FF000091A344D451AD1DC
:10449000002008E00123524639463046C04701302B
:1044A00003D14FF0FF30BDE8F0870135C3E7E118D5
:1044B0005A1C302081F84300224494F8451082F8B9
:1044C00043100233C5E70123224639463046C04730
:1044D0000130E6D009F10109D8E700002DE9F043E9
:1044E00001F1430C0C46097E85B06E29174606463D
:1044F00098460C9A00F0B38022D8632936D00AD8A7
:10450000002900F0B980582900F0838004F14205A9
:1045100084F8421032E0642901D06929F6D120687C
:104520001368050603F104012AD51B681160002BEE
:1045300003DA2D225B4284F843206F480A2239E0D7
:10454000732900F09D8008D86F2920D07029DDD113
:10455000236843F02003236003E0752917D07829EE
:10456000D4D1782384F84530644855E01368191D88
:104570001B68116004F1420584F8423001238CE08D
:104580001B68116010F0400F18BF1BB2CFE7136813
:104590002568181D1060280601D51B6802E0680612
:1045A000FBD51B8854486F2914BF0A22082200211A
:1045B00084F843106568A560002DC0F295802168DD
:1045C00021F004012160002B3DD1002D40F08E80B0
:1045D0006546082A0BD12368DB0708D52369626882
:1045E0009A42DEBF302305F8013C05F1FF35ACEB04
:1045F00005032361CDF800803B4603AA21463046DF
:10460000FFF7F6FE01304DD14FF0FF3005B0BDE8A9
:10461000F083394884F84510136821681D1D1B6814
:1046200015600A060BD5CA0744BF41F0200121607E
:104630001BB9226822F0200222601022B7E74D0643
:1046400048BF9BB2EFE76546B3FBF2F102FB1133C3
:10465000C35C05F8013D0B460029F5D1B9E71368A5
:1046600025686169181D106028061B6801D519604E
:1046700002E06A06FBD51980002323616546B9E78D
:104680001368191D11601D6862680021284600F03A
:10469000DFFE08B1401B606063682361002384F87B
:1046A0004330A7E723692A4639463046C0470130E0
:1046B000AAD023689B0713D4E068039B9842B8BF35
:1046C0001846A3E701234A4639463046C047013021
:1046D0009AD00135E368039A9B1AAB42F2DCEBE710
:1046E000002504F11909F5E7002BACD1037884F813
:1046F000423004F142056CE79E6D0300AF6D03008C
:1047000038B5064C0023054608462360FCF7E0FA5E
:10471000431C02D1236803B12B6038BD8C7E00207E
:10472000034613F8012B002AFBD1181A01387047F1
:1047300030B5141E05469BB0184605DA8B232B6056
:104740004FF0FF301BB030BD4FF40273ADF80C30AA
:1047500014BF04F1FF332346029305934FF6FF7312
:1047600000910491ADF80E3002461E9B6946284622
:1047700001F01CFA431CBCBF8B232B60002CE1D042
:10478000009B00221A70DDE707B5009313460A4626
:10479000014603480068FFF7CBFF03B05DF804FB58
:1047A0001C6100202DE9F74F03690C69A342804684
:1047B000C0F28280013C01F114074FEA840C00F141
:1047C000140657F8245056F8240006EB0C03013564
:1047D00007EB0C090193B0FBF5F595B34FF0000A18
:1047E0003846B646D34650F8042B93B205FB03A3D4
:1047F0004FEA134A9BB2ABEB0303120CDEF800B096
:1048000005FB02A213FA8BF34FEA124A1FFA82FB4E
:10481000DEF80020CBEB124202EB23429BB243EACC
:10482000024381454FEA224B4EF8043BDBD256F857
:104830000C3033B9019B043B9E421A4630D3C8F872
:104840001040404601F06CF8002825DB0135304669
:104850004FF0000C57F8042BD0F800E093B2ACEB0B
:104860000303120C13FA8EF3C2EB1E4202EB234237
:104870009BB243EA0243B9454FEA224C40F8043B5D
:10488000E8D256F8242006EB84032AB9043B9E4262
:104890001A460BD3C8F81040284603B0BDE8F08F85
:1048A0001268043B002ACAD1013CC5E71268043BE8
:1048B000002AEFD1013CEAE70020EEE7000000000B
:1048C0002DE9F04F57EC106B97B0456A06910446FE
:1048D0000B921293DDF88080CDE900673DB910207E
:1048E000FAF7ACF86062C0E901550560C560636A1B
:1048F000196851B15A684A60012393408B60204681
:1049000000F02CFE636A00221A603B1EBBBF23F03E
:104910000043019300230122ACBFC8F80030C8F85F
:104920000020AF4BDDF8048033EA080314D1129A5B
:1049300042F20F731360009B23B9C8F313000028E1
:1049400000F04285219BDFF8ACB2002B00F04485DB
:104950000BF1030300F03EBDDDE9006700220023F8
:1049600030463946FEF780FF814668B1129A01232E
:104970001360219B002B00F024859A4B219A03F1B0
:10498000FF3B136000F028BD14AA15A947EC106B7B
:10499000204601F03CF8C8F30A550490002D7CD065
:1049A000C7F3130343F07F5BB2464BF4401BA5F201
:1049B000FF35CDF84C9000228B4B50465946FEF700
:1049C00033FB81A3D3E90023FEF7E6FC80A3D3E900
:1049D0000023FEF72BFB064628460F46FEF772FC27
:1049E0007DA3D3E90023FEF7D7FC02460B463046F1
:1049F0003946FEF71BFB06460F4601F00BFA002274
:104A00008246002330463946FEF738FF48B150460B
:104A1000FEF758FC32463B46FEF726FF08B90AF17E
:104A2000FF3ABAF1160F59D8704901EBCA01DDE916
:104A30000023D1E90001FEF73FFF002850D00AF122
:104A4000FF3A00230F93149B5D1BB5F1010849BF8A
:104A5000C5F10103002305934FF0000858BF0593EB
:104A6000BAF1000F3EDB0023D044CDF838A0079305
:104A7000069B092B00F29080052BC4BF043B0693D4
:104A8000069BA3F10203CCBF00250125032B00F2F6
:104A90008F80DFE803F07D7F3171DDE914531D4421
:104AA00005F23240202813DDC0F14000009B08FAD7
:104AB00000F805F2124023FA00F048EA0000FEF781
:104AC000F1FB01238246A1F1F87B013D139372E7CC
:104AD000009BC0F1200003FA00F0F0E70123B1E7EA
:104AE0000F90B0E7059BA3EB0A030593CAF10003FF
:104AF000079300230E93BBE701230A930B9B002B24
:104B000059DD02939946666A00227260042202F11E
:104B100014009842716853D9204600F0EBFC636A98
:104B20003060B9F10E0FD3F800B000F2E680002D2E
:104B300000F0E3809DED007BBAF1000F8DED107B5E
:104B400074DD2A4A0AF00F0302EBC30393ED007BE6
:104B50004FEA2A16F0068DED087B65D5244BDDE97A
:104B60001001D3E90823FEF741FDCDE9000106F06D
:104B70000F0603251E4F4CE001230A930B9B534461
:104B800003F1010902934B46012BB8BF0123BAE799
:104B90000023B2E70023F0E70125002306930A95DE
:104BA0004FF0FF3302939946002212230B92AAE79B
:104BB00001230A93F4E70123029399461A46F5E785
:104BC000013171605200A2E761436F63A787D23F52
:104BD000B3C8608B288AC63FFB799F501344D33FEC
:104BE0000000F07F9D6D03000000F83F586E030049
:104BF000306E0300C96D0300F10708D5DDE9080137
:104C0000D7E90023FEF7C8FBCDE90801013576108E
:104C10000837002EF0D1DDE90823DDE90001FEF7B9
:104C2000E5FCCDE900011AE00225A3E700F0A08031
:104C3000CAF100069F4BA04F06F00F0203EBC20320
:104C4000D3E90023DDE91001FEF7A6FBCDE9000161
:104C5000361100230225002E7FD1002BE1D10F9BBE
:104C6000002B00F08780DDE900670022934B30467F
:104C70003946FEF703FE00287CD0B9F1000F79D049
:104C8000029B002B35DD0AF1FF33089339460022E1
:104C90008B4B3046FEF780FBCDE90001029F0135CA
:104CA0002846FEF70FFBDDE90023FEF775FB002227
:104CB000844BFEF7BBF90546A1F15076002F5DD17C
:104CC0000022814BDDE90001FEF7AEF92A463346AA
:104CD000CDE90001FEF7F0FD002840F088822A4669
:104CE00006F10043DDE90001FEF7C8FD002840F0B1
:104CF0007C82DDE91023CDE90023159B002BC0F257
:104D00005081BAF10E0F00F34C816A4B03EBCA03DA
:104D100093ED007B0B9B002B8DED027B80F2D88006
:104D2000B9F1000F00F3D48040F05E820022664BA0
:104D300051EC170BFEF730FBDDE90023FEF7B2FD67
:104D40004F464E46002840F0348231230BF10105D6
:104D50008BF800300AF1010A2FE2F20705D5D7E9F6
:104D60000023FEF719FB013501237610083772E79F
:104D7000022574E7CDF820A04F4691E74D4B03EB99
:104D8000C70353E902010A9B002B47D002460B469A
:104D900000204E49FEF72AFC2A463346FEF744F926
:104DA000CDE90C015D46DDE9000101F033F806466E
:104DB000FEF788FA02460B46DDE90001FEF734F9FA
:104DC000303605F8016BDDE90C23CDE90001FEF773
:104DD00055FD002863D1DDE9002300203749FEF7A7
:104DE00023F9DDE90C23FEF749FD002840F0B780E8
:104DF000A5EB0B039F427FF77CAF0022304BDDE930
:104E00000C01FEF7C9FA0022CDE90C012C4BDDE9BB
:104E10000001FEF7C1FACDE90001C4E72A46334696
:104E2000FEF7BAFACDE90C010BEB07055E46DDE9AA
:104E3000000100F0EFFF0746FEF744FA3037024664
:104E40000B46DDE90001FEF7EFF806F8017BAE4204
:104E5000CDE900014FF0000226D11C4BDDE90C0129
:104E6000FEF7E4F802460B46DDE90001FEF724FDFB
:104E7000002874D1DDE90C2300201449FEF7D4F892
:104E800002460B46DDE90001FEF7F8FC00283FF47E
:104E900030AF15F8013C302B05F1FF3202D0DDF8C0
:104EA00020A04AE01546F4E7054BFEF775FACDE978
:104EB0000001BCE7586E0300306E03000000F03FB5
:104EC0000000244000001C40000014400000E03FAF
:104ED000DDE900675D46DDE9022330463946FEF72D
:104EE00085FB00F097FF8046FEF7ECF9DDE9022331
:104EF000FEF752FA02460B463046394608F13006B4
:104F0000FEF792F805F8016BA5EB0B06B1450246DA
:104F10000B4639D1FEF78AF8DDE9022306460F4633
:104F2000FEF7CAFCC8B9DDE9022330463946FEF770
:104F30009BFC10B118F0010F0FD10499204600F02E
:104F40000DFB0023129A2B700AF101031360219BC1
:104F5000002B00F041821D603EE2CDF820A015F844
:104F6000012C392A05F1FF3308D19B450AD1089B52
:104F70000133089330238BF800305B461A780132F6
:104F80001A708CE71D46EAE700229B4BFEF704FAF5
:104F90000022002306460F46FEF766FC00289AD042
:104FA000CBE70A9A002A00F08B80069A012A6EDC71
:104FB000139A002A67D003F23343079F059D059A91
:104FC00001211A4420460592984400F067FB0646EA
:104FD000002D0CDDB8F1000F09DD4545059A2B4683
:104FE000A8BF4346D21A0592ED1AA8EB0308079B07
:104FF000EBB10A9B002B67D08FB131463A46204671
:1050000000F0ECFB049A01460646204600F04FFBF8
:1050100004990890204600F0A1FA089B0493079B8E
:10502000DA1B04D00499204600F0D8FB049001213B
:10503000204600F033FB0E9B0746002B00F0D0818A
:105040001A460146204600F0C9FB069B012B074685
:1050500040DC009B002B39D1019BC3F31303002BD1
:1050600036D1019B23F000431B0D1B052BB1059B83
:105070000133059308F10108012307930E9B002BD0
:105080002AD1012030E0149BC3F1360395E7079B3A
:1050900009F1FF37BB42BFBF079B0797FA1A0E9B68
:1050A000BBBF9B180E93DF1B0027B9F1000FB5BFE4
:1050B000059B059DA3EB09054B46B8BF00237EE782
:1050C000079F059D0A9E83E7079AABE70023D4E775
:1050D000009BD2E7002307933B6907EB8303186922
:1050E00000F08EFAC0F12000404410F01F0047D0BD
:1050F000C0F12003042B3BDD059BC0F11C000344E1
:10510000059305448044059B002B05DD1A46049950
:10511000204600F0B1FB0490B8F1000F05DD3946E0
:105120004246204600F0A8FB07460F9B53B3394682
:10513000049800F0F5FB002824DA00230A220499E1
:10514000204600F022FA0A9B04900AF1FF3A002B55
:1051500000F04D81002331460A22204600F015FA66
:10516000029B002B06464FDC069B022B4CDD11E018
:10517000C9D0059A1C331A4405921D449844C2E7CD
:105180000346F6E7B9F1000F38DC069B022B35DD4C
:10519000CDF80890029B63B939460522204600F0FD
:1051A000F4F901460746049800F0BAFB00283FF7DF
:1051B000CCAD0B9B5D466FEA030A4FF00009394600
:1051C000204600F0CBF9002E3FF4B7AEB9F1000F46
:1051D00005D0B14503D04946204600F0BFF931461D
:1051E000204600F0BBF9A8E600273E46E1E7DDF8DF
:1051F00020A03E46A9E500BF000024400A9BCDF850
:105200000890002B00F0FA80002D05DD31462A467B
:10521000204600F031FB0646079B002B4CD07168FE
:10522000204600F067F9326902320546920006F125
:105230000C010C30FEF726FD01222946204600F025
:105240001BFB009BCDF814B003F00103B14607939C
:10525000064639460498FFF7A5FA4946054600F187
:105260003008049800F05CFB324600903946204636
:1052700000F070FBC368024603BB01460890049827
:1052800000F04EFB089A034611462046089300F0B2
:1052900065F9089BA3B9069A92B9079A82B9B8F141
:1052A000390F29D0009B002B01DD05F13108059B4A
:1052B0005D1C83F8008082E73046C2E70123E3E704
:1052C000009A002A04DB25D1069A1ABB079A0ABB6A
:1052D000002BECDD01220499204600F0CDFA39467E
:1052E000049000F01DFB002803DCE0D118F0010F52
:1052F000DDD0B8F1390FD8D1059B059A5D1C392353
:10530000137015F8013C392B05F1FF324FD00133F2
:10531000137054E7059A002B02F1010506DDB8F180
:10532000390FE9D008F10108059BC2E7029A05F898
:10533000018CA5EB0B03934221D000230A22049990
:10534000204600F022F9B14504904FF000034FF0E1
:105350000A024946204605D100F017F98146064663
:10536000059576E700F011F93146814600230A22BF
:10537000204600F00AF90646F2E74FF00009012244
:105380000499204600F078FA3946049000F0C8FAF3
:105390000028B6DC02D118F0010FB2D115F8013C9B
:1053A000302B05F1FF327FF40AAF1546F6E793453F
:1053B00005D131230AF1010A8BF80030FFE61546CA
:1053C0009FE7DFF864B007E0219BDFF860B01BB116
:1053D0000BF10803219A1360584617B0BDE8F08F0F
:1053E000069B012B7FF735AE0E9B079349E6029B88
:1053F000002B03DC069B022B3FF7CCAE5D46394603
:105400000498FFF7CFF900F1300805F8018B029AF4
:10541000A5EB0B039A42B0DD00230A220499204633
:1054200000F0B3F80490EAE79C6D0300C06D030040
:10543000044B1B68186A044B002808BF1846F0305C
:10544000704700BF1C610020806100200000000048
:1054500001F0FF01102A2BDB10F0070F08D010F825
:10546000013B013A8B422DD010F0070F42B3F6D129
:10547000F0B441EA012141EA014122F007047FF042
:1054800000070023F0E80256083C85EA010586EA99
:10549000010685FA47F5A3FA87F586FA47F6A5FAD5
:1054A00087F68EB9EED1F0BC01F0FF0102F00702E1
:1054B00032B110F8013B013A83EA010313B1F8D18C
:1054C0000020704701387047002D06BF354603386D
:1054D000073815F0010F07D1013015F4807F02BFA6
:1054E000013015F4C03F0130F0BC0138704700BFF7
:1054F0007047704770B5456A04460E463DB91020A6
:10550000F9F79CFA6062C0E901550560C560656AFB
:10551000EB6883B1636ADB6853F82600B8B90121F0
:1055200001FA06F56A1D92002046FEF7D7FB60B12E
:10553000C0E901650EE0212204212046FEF7CEFBE2
:10554000636AE860DB68002BE4D1002070BD02686C
:1055500043F826200023C0E90333F7E770B5446A17
:1055600006460D463CB91020F9F768FA7062C0E9AA
:1055700001440460C4603DB1736A6A68DB6853F833
:105580002210296043F8225070BD2DE9F0410D69C9
:105590001F4606460C4601F1140C0023DCF80000FF
:1055A00081B202FB01710F0C000C02FB007089B28A
:1055B000013301EB00419D424FEA10474CF8041BB8
:1055C000ECDCD7B1A368AB4212DC61683046013134
:1055D000FFF790FF2269023204F10C01804692002D
:1055E0000C30FEF74FFB21463046FFF7B7FF44462D
:1055F00004EB850301355F6125612046BDE8F0813C
:10560000020C12040346B2B90304102013F07F4FBA
:1056100004BF1B02083013F0704F04BF1B0104309D
:1056200013F0404F04BF9B000230002B06DB5B00F1
:1056300003D5013070470020E8E720207047036859
:1056400013F0070201460BD0DA0723D4980749BFAD
:105650005B089B0801200B605CBF0B600220704759
:1056600098B2A8B91B0C102013F0FF0F04BF1B0A3F
:1056700008301A0704BF1B0904309A0704BF9B08AF
:105680000230DA0702D45B0806D001300B607047A5
:105690001046E9E7002070472020704710B50C46FF
:1056A0000121FFF727FF01224461026110BD2DE9AE
:1056B000F74F14460A6923699A42B8BF0B468846D9
:1056C000BCBFA0461C46D8F81070D4F81090D8F88B
:1056D0000830D8F8041007EB0906B342B8BF01310F
:1056E000FFF708FF00F1140505EB860E2B4600229C
:1056F000734516D304F1140208F1140102EB890377
:1057000001EB87070093009B019293420CD8002E77
:1057100003DD5EF8043D002B5DD0066103B0BDE8FB
:10572000F08F43F8042BE3E7B2F800B0BBF1000FB1
:1057300023D08946AC464FF0000859F8044BDCF8FA
:1057400000A0A3B21FFA8AFA0BFB03A34FEA144A84
:10575000DCF8004043444FEA14480BFB0A8404EB96
:105760001344E2469BB243EA04434F454FEA1448D0
:105770004AF8043B2BD8CCF80480019BB3F802A074
:105780000432BAF1000F20D02B688946A8464FF0AA
:10579000000BB9F800C0B8F802400AFB0C445C44A6
:1057A000C4469BB243EA04434CF8043B59F8043B1B
:1057B000B8F804B01B0C0AFB03B303EB14434F45CA
:1057C0004FEA134B05D8C8F8043004359BE7D4469C
:1057D000B3E7E046DDE7013E99E700002DE9F84335
:1057E000154612F0030206460F4607D0013A214C37
:1057F000002354F82220FFF7C8FE0746AD1035D02D
:10580000746A3CB91020F9F719F97062C0E90144D3
:105810000460C460D6F82480D8F808404CB940F23F
:1058200071213046FFF73AFF0023C8F8080004460C
:1058300003604FF00008EB070AD539462246304690
:10584000FFF735FF394681463046FFF787FE4F4662
:105850006D100BD0206838B9224621463046FFF73C
:1058600026FF2060C0F800800446E4E73846BDE823
:10587000F88300BF206F03002DE9F0470C464FEA84
:10588000621A236949680AEB0309A36807461646AA
:1058900009F10105AB4232DB3846FFF72BFE00234E
:1058A000804600F114011A4653452BDB20692AEA91
:1058B000EA7A04F1140316F01F0201EB8A0103EBEC
:1058C000800C25D0C2F1200E00201E688A4696402A
:1058D00030434AF8040B53F8040B9C4520FA0EF0B1
:1058E00014D8486008B109F10205013D3846C8F8EE
:1058F00010502146FFF732FE4046BDE8F0870131E7
:105900005B00C7E741F823200133CDE75146DCE7D0
:10591000043953F8042B41F8042F9C45F9D8E4E7E7
:1059200003690A699B1A30B50CD192001430143106
:105930008418114454F8045D51F8042D954203D0A5
:1059400005D30123184630BDA042F3D3FAE74FF048
:10595000FF33F7E72DE9F0470D4607461146284685
:105960001446FFF7DDFF061E08D131463846FFF723
:10597000C1FD0123C0E90436BDE8F087A4BF23467A
:105980002C4638466168A6BF1D4600260126FFF753
:10599000B1FD2B69C660266905F1140904F11402F2
:1059A00002EB860709EB830800F114054FF0000EA7
:1059B00052F804AB59F8044B1EFA8AF1A3B2C91A83
:1059C000230CC3EB1A4303EB214389B24FEA234E66
:1059D000C84541EA0343944645F8043BE8D8BC4532
:1059E00004D355F8043D83B10661C5E75CF8041B98
:1059F0001EFA81F31A1402EB11429BB243EA0243EE
:105A00004FEA224E45F8043BE9E7013EE9E72DE97C
:105A1000F7430E46012159EC108B1546FFF76AFD3E
:105A2000C9F30A540746C9F3130334BB0193B8F111
:105A3000000327D002A840F8083DFFF700FE0099B8
:105A4000F0B1019AC0F1200302FA03F30B43C24004
:105A50007B610192019BBB61002B14BF02210121DC
:105A60003961C4B1A4F2334404443460C0F1350058
:105A70002860384603B0BDE8F08343F48013D5E7CF
:105A80007961E7E701A8FFF7DAFD019B7B6101215E
:105A900039612030E5E707EB8103A0F23240306046
:105AA0001869FFF7ADFDC0EB4110E1E7F8B5074617
:105AB00014460E4621B91146BDE8F840FEF76AB912
:105AC00022B9FEF719F925462846F8BD00F076F907
:105AD000A0420FD221463846FEF75CF90546002861
:105AE000F2D031462246FEF7CDF831463846FEF771
:105AF00003F9E9E73546E7E72DE9F0478E689E426E
:105B000082460C469046994637D88A8912F4906F9F
:105B100031D0256809696F1A6569022305EB4505CF
:105B200095FBF3F509F101033B449D4238BF1D4647
:105B3000530530D52946FEF72DF9064650B90C23FA
:105B4000CAF80030A38943F04003A3814FF0FF302F
:105B5000BDE8F0873A462169FEF794F8A38923F45B
:105B6000906343F08003A381266165613E44ED1B91
:105B70002660A5604E464E4500D94E463246414607
:105B80002068FEF78AF8A3689B1BA36023681E4465
:105B900026600020DCE72A46FFF788FF064600283B
:105BA000E2D121695046FEF7A7F8C8E72DE9F04F8A
:105BB0009DB0804603938B891D060C4616460FD573
:105BC0000B696BB94021FEF7E5F82060206128B928
:105BD0000C23C8F800304FF0FF30C7E0402363616A
:105BE0000023099320238DF8293030238DF82A30A3
:105BF0004FF0010B37463D4615F8013B0BB1252B05
:105C00003ED1B7EB060A0BD05346324621464046FA
:105C1000FFF772FF013000F0A480099B5344099301
:105C20003B78002B00F09D8000234FF0FF32CDE940
:105C30000523049307938DF853301A932F460522BA
:105C400017F8011B4F48FFF703FC049BD0B9D90696
:105C500044BF20228DF853201A0744BF2B228DF811
:105C600053202A782A2A15D0079A2F4600200A2581
:105C7000394611F8013B303B092B4DD9B8B10FE043
:105C80002F46B8E73F4A801A0BFA00F018430490F9
:105C90003D46D3E7039A111D12680391002A01DBE8
:105CA000079204E0524243F00203079204933B78C8
:105CB0002E2B0CD17B782A2B33D1039B1A1D1B680A
:105CC0000392002BB8BF4FF0FF33023705932E4DE0
:105CD000397803222846FFF7BBFB38B14023401B2D
:105CE00003FA00F0049B03430137049339782748F3
:105CF0008DF8281006227E1CFFF7AAFB002838D05A
:105D0000234B13BB039B073323F007030833039391
:105D1000099B4B4409936DE705FB023201200F46B6
:105D2000A6E700230137059319460A25384610F8DF
:105D3000012B303A092A03D9002BC8D00591C6E7B8
:105D400005FB012101230746F0E703AB0093224640
:105D5000104B04A94046FEF70BF9B0F1FF3F814616
:105D6000D6D1A3895B063FF536AF09981DB0BDE8D3
:105D7000F08F03AB00932246064B04A94046FEF782
:105D8000ADFBEAE72C6F0300326F0300366F0300B0
:105D9000713F0300F95A030082B001B901A942B171
:105DA0004BB113780B601278101C18BF012002B0A1
:105DB00070471046FBE76FF00100F8E751F8043C2C
:105DC000181F002BBCBF0B58C018704749B1FF2AE1
:105DD00085BF8A2303600A704FF0FF3098BF01200F
:105DE00070470846704700004FEA410C7FEA6C5C40
:105DF00002D150EA013C0AD14FEA430C7FEA6C5CC5
:105E000002D152EA033C02D14FF0000070474FF03C
:105E1000010070474FEA410212F5001215D211D568
:105E20006FF47873B3EB625212D94FEAC12343F097
:105E3000004343EA505311F0004F23FA02F018BF19
:105E4000404270474FF00000704750EA013005D1E2
:105E500011F0004008BF6FF0004070474FF00000A5
:105E6000704700BFFEE700BFF8B500BFF8BC08BC34
:105E70009E467047F8B500BFF8BC08BC9E46704708
:105E800054696E795553422053657269616C000004
:105E90000000000000000000C974020081740200CC
:105EA00071740200E9730200357402000974020083
:105EB00065740200ED720200F0FFFFFF00000000B9
:105EC000E1730200120100020000004086284480B5
:105ED000000101020301000009020900000100A005
:105EE00032000000303132333435363738394142F0
:105EF0004344454653656565642053747564696F12
:105F0000000000005849414F206E52463532383467
:105F10003000000041646166727569740000000021
:105F20004D6173732053746F7261676500000000E8
:105F3000312E30007573626400000000050F3900D7
:105F4000021810050038B60834A909A0478BFDA037
:105F5000768815B665000101011C100500DF60DDC3
:105F6000D88945C74C9CD2659D9E648A9F000003DA
:105F700006B2000200000000C97E02003D7F020060
:105F8000697F02005D8002001D81020000000000A8
:105F90006D8A02007D8A02008D8A0200218B020038
:105FA000598C020000000000A5820200B5820200A8
:105FB000C582020081830200798502000000000092
:105FC000FD85020059860200818602009987020041
:105FD0009D87020000000000C99202002593020084
:105FE00045930200157C02002D9402000000000081
:105FF0005353443133303620616C6C6F6361746984
:106000006F6E206661696C65640000004375727292
:10601000656E743A20252E3266412A666163746F7C
:10602000720A00005265666572656E636520563AB5
:1060300020252E326620410A0000000052617720A0
:10604000766F6C746167653A20252E326620560A99
:10605000000000005741524E494E472120437572BF
:1060600072656E74206D61792062650077726F6E63
:10607000672120486967682063757272656E7421B4
:1060800000000000546F20706F776572206F6666A5
:106090002C20686F6C64207468650000706F7765F1
:1060A0007220627574746F6E20666F722035207373
:1060B000000000000000000000000000E9C0020035
:1060C00011C10200D1790200D1C00200D9C0020082
:1060D000E1C00200CDC0020000000000000180000D
:1060E000000000000000000003800000000000002D
:1060F00000000007C000000000000000000007C012
:106100000000000000000000000FC00000000000C0
:10611000000000001FE00000000000000000001F61
:10612000E00000000000000000003FE00000000070
:1061300000000000003FF000000000000000000030
:106140007FF0000000000000001FF87FF00000005A
:10615000000000003FFE7FF0000000000000003F54
:10616000FF7FF0000000000000001FFFFBE00000C8
:1061700000000000000FFFF9FFC000000000000059
:106180000FFFF9FFF800000000000007FFF1FFFF1C
:1061900000000000000003FC73FFFF80000000000F
:1061A0000001FE3FFFFF80000000000000FF1E0F07
:1061B000FF000000000000007FFE1FFC0000000048
:1061C0000000003FFFFFF8000000000000000FDFAC
:1061D000FFE0000000000000001F19FFC0000000E9
:1061E000000000003F3CFF00000000000000007EB7
:1061F0007CF800000000000000007FFE7C00000032
:106200000000000000FFFFFC000000000000000094
:10621000FFFFFE0000000000000000FFFFFE000086
:10622000000000000001FFEFFE0000000000000081
:1062300001FFCFFE0000000000000003FF07FE008A
:1062400000000000000003FC07FE0000000000004A
:106250000003F003FE00000000000000018000FECB
:10626000000000000000000000007E0000000000B0
:1062700000000000003E00000000000000000000E0
:106280000C000000000000078000FC000003C000BC
:106290000000078001FC000003C00000000780012F
:1062A000FC000003C0000000078001E00000001EA9
:1062B000000000078001E00000001E007FE3F79F60
:1062C000F9FDE7787BDFC0FFF7FFBFFDFDFF787BBF
:1062D000DFC0FFF7FFBFFDFDFF787BDFC0F0F78772
:1062E000BC3DE1FF787BDE00F0F787BC3DE1F07854
:1062F0007BDE0000F787803DE1E0787BDE007FF702
:10630000879FFDE1E0787BDE00FFF787BFFDE1E0DE
:10631000787BDE00F0F787BC3DE1E0787BDE00F0C3
:10632000F787BC3DE1E0787BDE00F0F787BC3DE11C
:10633000E0787BDE00FFF7FFBFFDE1E07FFBDFC021
:10634000FFF7FFBFFDE1E07FFBDFC07CF3F39F3D84
:10635000E1E03E7BCFC00000000000000000000034
:1063600000FFFFFFFFFFFFFFFFFFFFC0FFFFFFFF7B
:10637000FD68DB111A31C0FFFFFFFFFD2B5AFB6ADE
:10638000EFC0FFFFFFFFFD4B5B3B1A33C0FFFFFF7A
:10639000FFFD6B5BDB6AFDC00000600000000000D9
:1063A000000000000000000000E00000000000000D
:1063B0000000000000000001E000000000000000FC
:1063C00000000000000001F00000000000000000DC
:1063D000000000000003F0000000000000000000CA
:1063E0000000000007F000000000000000000000B6
:1063F00000000007F800000000000000000000009E
:1064000000000FF800000003C0007E000001E00063
:106410007F0FF800000003C000FE000001E000FF55
:10642000EFF800000003C000FE000001E000FFFFE5
:10643000F800000003C000F00000000F007FFE7FA6
:10644000C0000003C000F00000000F003FFE7FF816
:106450003FF1FBCFFCFEF3BC3DEFE01FFE7FFF7F73
:10646000FBFFDFFEFEFFBC3DEFE01FC6FFFF7FFB33
:10647000FFDFFEFEFFBC3DEFE00FE3C7FE787BC30E
:10648000DE1EF0FFBC3DEF0007FF87FC787BC3DE1C
:106490001EF0F83C3DEF0001FFFFF0007BC3C01E83
:1064A000F0F03C3DEF0001F37FE03FFBC3CFFEF097
:1064B000F03C3DEF0003E33F807FFBC3DFFEF0F0E5
:1064C0003C3DEF0007E73C00787BC3DE1EF0F03C6C
:1064D0003DEF0007FFBE00787BC3DE1EF0F03C3DC1
:1064E000EF0007FFFE00787BC3DE1EF0F03C3DEFBF
:1064F000000FFFFE007FFBFFDFFEF0F03FFDEFE04F
:106500000FFFFF007FFBFFDFFEF0F03FFDEFE00F2E
:10651000F9FF003E79F9CF9EF0F01F3DE7E01FF153
:10652000FF0000000000000000000000001F80FFCE
:10653000007FFFFFFFFFFFFFFFFFFFE01C007F006A
:106540007FFFFFFFFEB46D888D18E000001F007F05
:10655000FFFFFFFE95AD7DB577E000000F007FFFE8
:10656000FFFFFEA5AD9D8D19E0000006007FFFFF37
:10657000FFFEB5ADEDB57EE00000000000000000BC
:10658000C5290300A5E80200D17902002DC502004B
:106590001D1C0300211C0300AD1F0300311C030060
:1065A000451C0300791E03001D1C03005D1C030035
:1065B0009DCC020039CE0200B1C70200291D0300A4
:1065C00049200300811C0300A91D03000080C0E0D6
:1065D000F0F8FCFE000103070F1F3F7FAED580A837
:1065E000D300408D2000A1C8DB40A4A62EAF000040
:1065F000000000000000000000000000000000009B
:1066000079DA0200EDE90200EDE90200EDE90200AD
:10661000EDE90200EDE90200EDE90200EDE902001A
:106620007DDA020085DA02008DDA02009DDA0200CE
:10663000A5DA02000000000000000000A9BD020071
:10664000ADBD0200B5DA0200CDDA0200F9DA0200CF
:106650002DDB0200DDDA0200E9DA02005DDB020078
:1066600091DB0200C1DB020031DC020081DC0200B0
:10667000E1DB0200D1DC0200000020008813C840EA
:106680001568020E000040008813C8401668021EFC
:10669000000080008813C8401768021E0000200018
:1066A00010270140156C0206000020001027014051
:1066B00015410202000020008813EF601585020ECC
:1066C000000020008813EF401585020E00004000F6
:1066D0008813EF401685020E000080008813EF40FB
:1066E0001785020E000000018813EF401885020E86
:1066F0000020000088130403021400600000020060
:10670000881304270328006200000400881304484B
:106710000328006200000800881304490328006A67
:106720000000400010271F45015500030000100025
:1067300010271F8401550003000000000000000026
:106740000338FDD870470000000000000000000082
:1067500015E40200A1E40200F1E20200F5E2020009
:10676000A5E40200DDE4020015E5020051E50200A7
:106770007DE5020019E602000200000003000000AF
:106780001C0000001D0000000400000005000000C7
:106790002B0000002C0000002D0000002E00000047
:1067A0002F0000001A000000060000001E0000007C
:1067B0000E000000280000001B0000000700000081
:1067C0000B0000002A000000200000001000000064
:1067D0000D0000001100000015000000190000006D
:1067E0001400000018000000160000001700000050
:1067F000090000000A0000001F0000000D0A000050
:10680000546D725100000000546D72205376630085
:106810006C6F6F70000000000000000000000000BE
:106820000338FDD87047000043616C6C6261636B94
:106830000000000000000000003E5B4F5B3E3E6B2E
:106840004F6B3E1C3E7C3E1C183C7E3C181C577D0A
:10685000571C1C5E7F5E1C00183C1800FFE7C3E756
:10686000FF0018241800FFE7DBE7FF30483A060E68
:106870002629792926407F050507407F05253F5AAF
:106880003CE73C5A7F3E1C1C08081C1C3E7F14221F
:106890007F22145F5F005F5F06097F017F006689CA
:1068A000956A606060606094A2FFA29408047E0410
:1068B0000810207E201008082A1C08081C2A080836
:1068C0001E101010100C1E0C1E0C30383E383006F6
:1068D0000E3E0E06000000000000005F00000007F2
:1068E000000700147F147F14242A7F2A1223130820
:1068F000646236495620500008070300001C2241FC
:10690000000041221C002A1C7F1C2A08083E08089F
:10691000008070300008080808080000606000204F
:10692000100804023E5149453E00427F4000724932
:106930004949462141494D331814127F10274545D6
:1069400045393C4A494931412111090736494949EC
:1069500036464949291E000014000000403400005A
:1069600000081422411414141414004122140802C3
:10697000015909063E415D594E7C1211127C7F4936
:106980004949363E414141227F4141413E7F49498B
:1069900049417F090909013E414151737F080808B7
:1069A0007F00417F41002040413F017F0814224188
:1069B0007F404040407F021C027F7F0408107F3EE2
:1069C0004141413E7F090909063E4151215E7F094F
:1069D000192946264949493203017F01033F4040B6
:1069E000403F1F2040201F3F4038403F63140814A1
:1069F0006303047804036159494D43007F414141D9
:106A00000204081020004141417F040201020440B9
:106A100040404040000307080020545478407F283D
:106A20004444383844444428384444287F38545433
:106A3000541800087E090218A4A49C787F08040456
:106A40007800447D40002040403D007F10284400F5
:106A500000417F40007C047804787C080404783886
:106A600044444438FC1824241818242418FC7C08B6
:106A7000040408485454542404043F44243C404033
:106A8000207C1C2040201C3C4030403C44281028E6
:106A9000444C9090907C4464544C4400083641002F
:106AA0000000770000004136080002010204023CA9
:106AB0002623263C1EA1A161123A4040207A385478
:106AC00054555921555579412254547842215554F1
:106AD000784020545579400C1E5272123955555544
:106AE00059395454545939555454580000457C412F
:106AF0000002457D420001457C407D1211127DF06F
:106B0000282528F07C545545002054547C547C0A98
:106B1000097F4932494949323A4444443A324A4861
:106B200048303A4141217A3A42402078009DA0A065
:106B30007D3D4242423D3D4040403D3C24FF2424B7
:106B4000487E4943662B2FFC2F2BFF0929F620C0D6
:106B5000887E090320545479410000447D41304827
:106B6000484A32384040227A007A0A0A727D0D196A
:106B7000317D2629292F28262929292630484D40CC
:106B800020380808080808080808382F10C8ACBAC8
:106B90002F102834FA00007B000008142A14222247
:106BA000142A14085500550055AA55AA55AAFF5590
:106BB000FF55FF000000FF00101010FF0014141418
:106BC000FF001010FF00FF1010F010F0141414FC60
:106BD000001414F700FF0000FF00FF1414F404FC7D
:106BE000141417101F10101F101F1414141F00105E
:106BF0001010F0000000001F101010101F101010D7
:106C000010F010000000FF101010101010101010E5
:106C1000FF10000000FF140000FF00FF00001F1025
:106C2000170000FC04F414141710171414F404F4DF
:106C30000000FF00F714141414141414F700F714D0
:106C40001414171410101F101F141414F41410101F
:106C5000F010F000001F101F0000001F14000000C3
:106C6000FC140000F010F01010FF10FF141414FFBB
:106C7000141010101F00000000F010FFFFFFFFFFB6
:106C8000F0F0F0F0F0FFFFFF0000000000FFFF0F4A
:106C90000F0F0F0F3844443844FC4A4A4A347E02EE
:106CA000020606027E027E0263554941633844446F
:106CB0003C04407E201E2006027E020299A5E7A524
:106CC000991C2A492A1C4C7201724C304A4D4D3095
:106CD0003048784830BC625A463D3E494949007EBA
:106CE0000101017E2A2A2A2A2A44445F4444405151
:106CF0004A444040444A51400000FF0103E080FF05
:106D0000000008086B6B083612362436060F090F90
:106D100006000018180000001010003040FF0101AC
:106D2000001F01011E00191D1712003C3C3C3C00D5
:106D3000000000000000000000000000C529030062
:106D4000A5E80200D1790200EDE902001D1C030054
:106D5000211C0300AD1F0300311C0300451C030070
:106D6000791E03001D1C03005D1C0300591C030059
:106D7000DD21030001210300291D03004920030038
:106D8000811C0300A91D030020610020494E46001C
:106D9000696E66004E414E006E616E00300030310B
:106DA0003233343536373839414243444546003072
:106DB00031323334353637383961626364656600A1
:106DC000496E66696E697479004E614E000000007C
:106DD00000000000000000000000000000000000B3
:106DE00000000000000000000000000000000000A3
:106DF0000000000000000000000000000000000093
:106E00000000000000000000000000000000000082
:106E10000000000000000000000000000000000072
:106E20000000000000000000000000000000000062
:106E30000080E03779C34143176E05B5B5B8934676
:106E4000F5F93FE9034F384D321D30F94877825A42
:106E50003CBF737FDD4F1575000000000000F03F60
:106E60000000000000002440000000000000594025
:106E70000000000000408F40000000000088C34078
:106E800000000000006AF8400000000080842E41ED
:106E900000000000D01263410000000084D7974139
:106EA0000000000065CDCD41000000205FA002423F
:106EB000000000E876483742000000A2941A6D42B4
:106EC000000040E59C30A2420000901EC4BCD642A7
:106ED00000003426F56B0C430080E03779C3414352
:106EE00000A0D8855734764300C84E676DC1AB43C8
:106EF000003D9160E458E143408CB5781DAF1544E6
:106F000050EFE2D6E41A4B4492D54D06CFF08044C0
:106F1000F64AE1C7022DB544B49DD9794378EA44D5
:106F200005000000190000007D000000232D302B1B
:106F30002000686C4C00656667454647004300507A
:106F40004F534958002E00002020202020202020D0
:106F50002028282828282020202020202020202009
:106F60002020202020202020881010101010101029
:106F70001010101010101010040404040404040471
:106F80000404101010101010104141414141410102
:106F900001010101010101010101010101010101E1
:106FA00001010110101010101042424242424202F0
:106FB00002020202020202020202020202020202B1
:106FC000020202101010102000000000000000005B
:106FD00000000000000000000000000000000000B1
:106FE00000000000000000000000000000000000A1
:106FF0000000000000000000000000000000000091
:107000000000000000000000000000000000000080
:107010000000000000000000000000000000000070
:107020000000000000000000000000000000000060
:107030000000000000000000000000000000000050
:0C70400000000000000000000000000044
:08704C000402FF7F01000000B7
:10705400000000000A00000000000306B20008005F
:1070640001000000A800080002000000A0001400B5
:10707400030057494E555342000000000000000031
:1070840000008400040007002A0044006500760024
:1070940069006300650049006E00740065007200B9
:1070A4006600610063006500470055004900440024
:1070B4007300000050007B003900370035004600A3
:1070C40034003400440039002D0030004400300006
:1070D40038002D0034003300460044002D003800F1
:1070E4004200330045002D003100320037004300D8
:1070F4004100380041004600460046003900440083
:107104007D0000000000000010000C00806D0020D5
:10711400000000000000000000000000000000006B
:10712400000000000000000000000000000000005B
:10713400000000000000000000000000000000004B
:10714400000000000000000000000000000000003B
:10715400000000000000000000000000000000002B
:10716400907E00200090D0030A00000020610020DF
:1071740000000000F06D0300106E0300D06D0300EA
:1071840000000000000000000000000000000000FB
:1071940000000000000000000000000000000000EB
:1071A40000000000000000000000000000000000DB
:1071B40000000000000000000000000000000000CB
:1071C40000000000000000000000000000000000BB
:1071D4004300000000000000000000000000000068
:1071E400000000000000000000000000000000009B
:1071F4004300000000000000000000000000000048
:10720400000000000000000000000000000000007A
:107214004300000000000000000000000000000027
:10722400000000000000000000000000000000005A
:107234004300000000000000000000000000000007
:10724400000000000000000000000000000000003A
:1072540043000000000000000000000000000000E7
:10726400000000000000000000000000000000001A
:1072740043000000000000000000000000000000C7
:1072840000000000000000000000000000000000FA
:1072940043000000000000000000000000000000A7
:1072A40000000000000000000000000000000000DA
:1072B400CD5D0300995D030000000000476F0300EB
:1072C400456F0300316F0300316F0300316F03001A
:1072D400316F0300316F0300316F0300316F03001E
:1072E400316F0300316F0300FFFFFFFFFFFFFFFF5C
:1072F400FFFFFFFFFFFF0000010041534349490026
:107304000000000000000000000000000000000079
:107314000000000000000000000041534349490000
:107324000000000000000000000000000000000059
:1073340000000000000000000000000001720200D4
:10734400357202009575020061BD0200F5BD0200B0
:0C735400A9C40200C51B03001172020056
:0400000330000BC9F5
:00000001FF
